Организация,Контракт,Тип,Номер,Причина,0-1,1-2,2-3,3-4,4-5,5-6,6-7,7-8,8-9,9-10,10-11,11-12,12-13,13-14,14-15,15-16,16-17,17-18,18-19,19-20,20-21,21-22,22-23,23-24,Всего
ПАО Башинформсвязь, ГК №1001 (621 АвтоУраган),АвтоУраган,194352M212,,,,,,,,,,,,,,,,,,,,,,,,,,
ПАО Башинформсвязь, ГК №1001 (621 АвтоУраган),АвтоУраган,194352M384,,,,,,,,,,,,,,,,,,,,,,,,,,
ПАО Башинформсвязь, ГК №1001 (621 АвтоУраган),АвтоУраган,194352M537,,,,,,,,,,,,,,,,,,,,,,,,,,
ПАО Башинформсвязь, ГК №1001 (621 АвтоУраган),АвтоУраган,194352M576,,,,,,,,,,,,,,,,,,,,,,,,,,
ПАО Башинформсвязь, ГК №1001 (621 АвтоУраган),АвтоУраган,194352M001,194352M001, 63 , 29 , 22 , 16 , 15 , 14 , 22 , 98 , 186 , 232 , 275 , 362 ,,,,,,,,,,,,,1 334 
ПАО Башинформсвязь, ГК №1001 (621 АвтоУраган),АвтоУраган,194352M002,194352M002, 83 , 60 , 34 , 22 , 17 , 9 , 34 , 117 , 195 , 264 , 344 , 481 ,,,,,,,,,,,,,1 660 
ПАО Башинформсвязь, ГК №1001 (621 АвтоУраган),АвтоУраган,194352M003,194352M003, 68 , 58 , 29 , 22 , 23 , 26 , 84 , 294 , 345 , 401 , 495 , 561 ,,,,,,,,,,,,,2 406 
ПАО Башинформсвязь, ГК №1001 (621 АвтоУраган),АвтоУраган,194352M004,194352M004, 67 , 48 , 29 , 21 , 28 , 45 , 28 , 101 , 150 , 228 , 292 , 320 ,,,,,,,,,,,,,1 357 
ПАО Башинформсвязь, ГК №1001 (621 АвтоУраган),АвтоУраган,194352M005,194352M005, 37 , 30 , 15 , 10 , 25 , 15 , 20 , 88 , 107 , 121 , 137 , 206 ,,,,,,,,,,,,, 811 
ПАО Башинформсвязь, ГК №1001 (621 АвтоУраган),АвтоУраган,194352M006,194352M006, 120 , 95 , 43 , 37 , 30 , 40 , 35 , 259 , 332 , 380 , 460 , 584 ,,,,,,,,,,,,,2 415 
ПАО Башинформсвязь, ГК №1001 (621 АвтоУраган),АвтоУраган,194352M007,194352M007, 64 , 59 , 29 , 19 , 14 , 37 , 40 , 137 , 165 , 232 , 279 , 335 ,,,,,,,,,,,,,1 410 
ПАО Башинформсвязь, ГК №1001 (621 АвтоУраган),АвтоУраган,194352M008,194352M008, 62 , 37 , 29 , 29 , 17 , 28 , 28 , 96 , 140 , 216 , 322 , 383 ,,,,,,,,,,,,,1 387 
ПАО Башинформсвязь, ГК №1001 (621 АвтоУраган),АвтоУраган,194352M009,194352M009, 51 , 40 , 31 , 16 , 29 , 19 , 42 , 171 , 367 , 366 , 492 , 589 ,,,,,,,,,,,,,2 213 
ПАО Башинформсвязь, ГК №1001 (621 АвтоУраган),АвтоУраган,194352M010,194352M010, 117 , 69 , 40 , 44 , 33 , 56 , 76 , 315 , 405 , 466 , 556 , 745 ,,,,,,,,,,,,,2 922 
ПАО Башинформсвязь, ГК №1001 (621 АвтоУраган),АвтоУраган,194352M011,194352M011, 112 , 115 , 129 , 74 , 66 , 69 , 140 , 219 , 263 , 276 , 341 , 342 ,,,,,,,,,,,,,2 146 
ПАО Башинформсвязь, ГК №1001 (621 АвтоУраган),АвтоУраган,194352M012,194352M012, 93 , 64 , 45 , 23 , 29 , 38 , 70 , 179 , 269 , 398 , 404 , 474 ,,,,,,,,,,,,,2 086 
ПАО Башинформсвязь, ГК №1001 (621 АвтоУраган),АвтоУраган,194352M013,194352M013, 21 , 9 , 5 , 6 , 11 , 11 , 15 , 46 , 106 , 158 , 132 , 151 ,,,,,,,,,,,,, 671 
ПАО Башинформсвязь, ГК №1001 (621 АвтоУраган),АвтоУраган,194352M014,194352M014, 88 , 75 , 39 , 25 , 17 , 12 , 35 , 69 , 154 , 254 , 331 , 412 ,,,,,,,,,,,,,1 511 
ПАО Башинформсвязь, ГК №1001 (621 АвтоУраган),АвтоУраган,194352M015,194352M015, 88 , 61 , 44 , 40 , 28 , 36 , 111 , 220 , 287 , 340 , 346 , 386 ,,,,,,,,,,,,,1 987 
ПАО Башинформсвязь, ГК №1001 (621 АвтоУраган),АвтоУраган,194352M016,194352M016, 252 , 220 , 154 , 124 , 112 , 97 , 124 , 250 , 469 , 643 , 756 , 893 ,,,,,,,,,,,,,4 094 
ПАО Башинформсвязь, ГК №1001 (621 АвтоУраган),АвтоУраган,194352M017,194352M017, 46 , 32 , 19 , 13 , 20 , 10 , 10 , 59 , 88 , 136 , 212 , 258 ,,,,,,,,,,,,, 903 
ПАО Башинформсвязь, ГК №1001 (621 АвтоУраган),АвтоУраган,194352M018,194352M018, 137 , 111 , 104 , 101 , 112 , 141 , 154 , 252 , 511 , 571 , 653 , 659 ,,,,,,,,,,,,,3 506 
ПАО Башинформсвязь, ГК №1001 (621 АвтоУраган),АвтоУраган,194352M019,194352M019, 142 , 158 , 57 , 40 , 44 , 104 , 81 , 251 , 343 , 408 , 543 , 212 ,,,,,,,,,,,,,2 383 
ПАО Башинформсвязь, ГК №1001 (621 АвтоУраган),АвтоУраган,194352M020,194352M020, 97 , 76 , 59 , 72 , 76 , 106 , 134 , 265 , 305 , 423 , 479 , 539 ,,,,,,,,,,,,,2 631 
ПАО Башинформсвязь, ГК №1001 (621 АвтоУраган),АвтоУраган,194352M021,194352M021, 24 , 18 , 7 , 15 , 7 , 13 , 33 , 77 , 109 , 170 , 202 , 230 ,,,,,,,,,,,,, 905 
ПАО Башинформсвязь, ГК №1001 (621 АвтоУраган),АвтоУраган,194352M022,194352M022, 70 , 64 , 72 , 76 , 75 , 76 , 26 , 147 , 241 , 298 , 317 , 303 ,,,,,,,,,,,,,1 765 
ПАО Башинформсвязь, ГК №1001 (621 АвтоУраган),АвтоУраган,194352M023,194352M023, 100 , 68 , 51 , 38 , 12 , 19 , 70 , 206 , 213 , 323 , 381 , 456 ,,,,,,,,,,,,,1 937 
ПАО Башинформсвязь, ГК №1001 (621 АвтоУраган),АвтоУраган,194352M024,194352M024, 7 , 5 , 1 , 3 ,, 2 , 5 , 13 , 27 , 35 , 37 ,,,,,,,,,,,,,, 135 
ПАО Башинформсвязь, ГК №1001 (621 АвтоУраган),АвтоУраган,194352M025,194352M025, 31 , 14 ,, 5 , 8 , 11 , 11 , 61 , 90 , 178 , 217 , 258 ,,,,,,,,,,,,, 884 
ПАО Башинформсвязь, ГК №1001 (621 АвтоУраган),АвтоУраган,194352M026,194352M026, 88 , 76 , 54 , 31 , 83 , 95 , 144 , 276 , 232 , 357 , 403 , 465 ,,,,,,,,,,,,,2 304 
ПАО Башинформсвязь, ГК №1001 (621 АвтоУраган),АвтоУраган,194352M027,194352M027, 90 , 78 , 61 , 34 , 49 , 71 ,,,,,,,,,,,,,,,,,,, 383 
ПАО Башинформсвязь, ГК №1001 (621 АвтоУраган),АвтоУраган,194352M028,194352M028, 135 , 83 , 56 , 41 , 54 , 47 , 103 , 216 , 308 , 455 , 564 , 666 ,,,,,,,,,,,,,2 728 
ПАО Башинформсвязь, ГК №1001 (621 АвтоУраган),АвтоУраган,194352M029,194352M029, 34 , 32 , 19 , 21 , 12 , 14 , 43 , 114 , 224 , 281 , 326 , 327 ,,,,,,,,,,,,,1 447 
ПАО Башинформсвязь, ГК №1001 (621 АвтоУраган),АвтоУраган,194352M031,194352M031, 15 , 14 , 11 , 4 , 4 , 11 , 23 , 68 , 118 , 230 , 221 , 258 ,,,,,,,,,,,,, 977 
ПАО Башинформсвязь, ГК №1001 (621 АвтоУраган),АвтоУраган,194352M032,194352M032, 259 , 177 , 110 , 87 , 64 , 81 , 139 , 299 , 384 , 605 , 700 , 798 ,,,,,,,,,,,,,3 703 
ПАО Башинформсвязь, ГК №1001 (621 АвтоУраган),АвтоУраган,194352M033,194352M033, 167 , 102 , 109 , 85 , 82 , 60 , 191 , 377 , 445 , 531 , 631 , 765 ,,,,,,,,,,,,,3 545 
ПАО Башинформсвязь, ГК №1001 (621 АвтоУраган),АвтоУраган,194352M035,194352M035, 105 , 73 , 67 , 46 , 41 , 64 , 100 , 212 , 269 , 314 , 389 , 428 ,,,,,,,,,,,,,2 108 
ПАО Башинформсвязь, ГК №1001 (621 АвтоУраган),АвтоУраган,194352M036,194352M036, 450 , 380 , 281 , 217 , 144 , 155 , 204 , 449 , 670 ,1 071 ,1 128 ,1 404 ,,,,,,,,,,,,,6 553 
ПАО Башинформсвязь, ГК №1001 (621 АвтоУраган),АвтоУраган,194352M037,194352M037, 198 , 171 , 121 , 89 , 70 , 90 , 154 , 265 , 445 , 591 , 772 , 847 ,,,,,,,,,,,,,3 813 
ПАО Башинформсвязь, ГК №1001 (621 АвтоУраган),АвтоУраган,194352M038,194352M038, 36 , 46 , 26 , 13 , 11 , 10 , 20 , 58 , 106 , 200 , 246 , 309 ,,,,,,,,,,,,,1 081 
ПАО Башинформсвязь, ГК №1001 (621 АвтоУраган),АвтоУраган,194352M039,194352M039, 123 , 91 , 67 , 55 , 53 , 110 , 220 , 383 , 431 , 555 , 628 , 702 ,,,,,,,,,,,,,3 418 
ПАО Башинформсвязь, ГК №1001 (621 АвтоУраган),АвтоУраган,194352M040,194352M040, 117 , 123 , 54 , 35 , 35 , 75 , 56 , 155 , 211 , 254 , 365 , 133 ,,,,,,,,,,,,,1 613 
ПАО Башинформсвязь, ГК №1001 (621 АвтоУраган),АвтоУраган,194352M041,194352M041, 94 , 56 , 44 , 36 , 16 , 12 , 35 , 88 , 179 , 245 , 334 , 395 ,,,,,,,,,,,,,1 534 
ПАО Башинформсвязь, ГК №1001 (621 АвтоУраган),АвтоУраган,194352M042,194352M042, 2 , 1 ,,,, 2 , 8 , 17 , 21 , 47 , 35 , 46 ,,,,,,,,,,,,, 179 
ПАО Башинформсвязь, ГК №1001 (621 АвтоУраган),АвтоУраган,194352M043,194352M043, 103 , 78 , 49 , 28 , 33 , 61 , 74 , 202 , 286 , 454 , 536 , 664 ,,,,,,,,,,,,,2 568 
ПАО Башинформсвязь, ГК №1001 (621 АвтоУраган),АвтоУраган,194352M044,194352M044, 32 , 16 , 8 , 5 , 5 , 16 , 38 , 70 , 80 , 115 , 84 , 130 ,,,,,,,,,,,,, 599 
ПАО Башинформсвязь, ГК №1001 (621 АвтоУраган),АвтоУраган,194352M045,194352M045, 27 , 18 , 8 , 5 ,, 2 , 12 , 40 , 65 , 85 , 83 , 100 ,,,,,,,,,,,,, 445 
ПАО Башинформсвязь, ГК №1001 (621 АвтоУраган),АвтоУраган,194352M046,194352M046, 55 , 34 , 19 , 25 , 16 , 20 , 39 , 111 , 236 , 288 , 343 , 418 ,,,,,,,,,,,,,1 604 
ПАО Башинформсвязь, ГК №1001 (621 АвтоУраган),АвтоУраган,194352M047,194352M047, 53 , 51 , 21 , 15 , 19 , 21 , 35 , 128 , 145 , 113 , 167 , 200 ,,,,,,,,,,,,, 968 
ПАО Башинформсвязь, ГК №1001 (621 АвтоУраган),АвтоУраган,194352M048,194352M048, 34 , 22 , 13 , 8 , 9 , 8 , 19 , 85 , 161 , 213 , 330 , 365 ,,,,,,,,,,,,,1 267 
ПАО Башинформсвязь, ГК №1001 (621 АвтоУраган),АвтоУраган,194352M049,194352M049, 91 , 54 , 41 , 36 , 12 , 26 , 82 , 224 , 249 , 396 , 450 , 476 ,,,,,,,,,,,,,2 137 
ПАО Башинформсвязь, ГК №1001 (621 АвтоУраган),АвтоУраган,194352M050,194352M050, 45 , 11 , 13 , 13 ,, 1 , 18 , 76 , 139 , 185 , 181 , 151 ,,,,,,,,,,,,, 833 
ПАО Башинформсвязь, ГК №1001 (621 АвтоУраган),АвтоУраган,194352M051,194352M051, 72 , 42 , 41 , 42 , 28 , 55 , 66 , 157 , 267 , 221 , 331 , 340 ,,,,,,,,,,,,,1 662 
ПАО Башинформсвязь, ГК №1001 (621 АвтоУраган),АвтоУраган,194352M052,194352M052, 10 , 11 , 8 , 10 , 12 , 51 , 137 , 313 , 331 , 414 , 449 , 643 ,,,,,,,,,,,,,2 389 
ПАО Башинформсвязь, ГК №1001 (621 АвтоУраган),АвтоУраган,194352M053,194352M053, 19 , 11 , 7 , 7 , 2 , 7 , 38 , 68 , 66 , 75 , 124 , 107 ,,,,,,,,,,,,, 531 
ПАО Башинформсвязь, ГК №1001 (621 АвтоУраган),АвтоУраган,194352M054,194352M054, 252 , 192 , 101 , 83 , 85 , 73 , 151 , 307 , 388 , 535 , 637 , 753 ,,,,,,,,,,,,,3 557 
ПАО Башинформсвязь, ГК №1001 (621 АвтоУраган),АвтоУраган,194352M055,194352M055, 5 , 2 , 2 , 3 , 2 , 3 , 1 , 18 , 30 , 61 , 78 , 81 ,,,,,,,,,,,,, 286 
ПАО Башинформсвязь, ГК №1001 (621 АвтоУраган),АвтоУраган,194352M056,194352M056, 149 , 106 , 67 , 41 , 20 , 61 , 177 , 382 , 440 , 651 , 722 , 849 ,,,,,,,,,,,,,3 665 
ПАО Башинформсвязь, ГК №1001 (621 АвтоУраган),АвтоУраган,194352M057,194352M057, 171 , 99 , 68 , 74 , 76 , 82 , 180 , 358 , 486 , 689 , 784 , 989 ,,,,,,,,,,,,,4 056 
ПАО Башинформсвязь, ГК №1001 (621 АвтоУраган),АвтоУраган,194352M058,194352M058, 77 , 39 , 21 , 10 , 6 , 24 , 141 , 299 , 359 , 477 , 556 , 539 ,,,,,,,,,,,,,2 548 
ПАО Башинформсвязь, ГК №1001 (621 АвтоУраган),АвтоУраган,194352M059,194352M059, 144 , 97 , 62 , 39 , 21 , 29 , 101 , 194 , 274 , 393 , 522 , 554 ,,,,,,,,,,,,,2 430 
ПАО Башинформсвязь, ГК №1001 (621 АвтоУраган),АвтоУраган,194352M060,194352M060, 16 , 13 , 13 , 3 , 1 ,, 4 , 16 , 43 , 51 , 62 , 119 ,,,,,,,,,,,,, 341 
ПАО Башинформсвязь, ГК №1001 (621 АвтоУраган),АвтоУраган,194352M061,194352M061, 92 , 76 , 58 , 49 , 48 , 82 , 145 , 212 , 290 , 393 , 434 , 437 ,,,,,,,,,,,,,2 316 
ПАО Башинформсвязь, ГК №1001 (621 АвтоУраган),АвтоУраган,194352M062,194352M062, 33 , 13 , 8 , 10 , 29 , 67 , 106 , 169 , 184 , 186 , 197 , 253 ,,,,,,,,,,,,,1 255 
ПАО Башинформсвязь, ГК №1001 (621 АвтоУраган),АвтоУраган,194352M063,194352M063, 230 , 162 , 96 , 72 , 49 , 50 , 64 , 135 , 240 , 388 , 499 , 651 ,,,,,,,,,,,,,2 636 
ПАО Башинформсвязь, ГК №1001 (621 АвтоУраган),АвтоУраган,194352M064,194352M064, 56 , 42 , 30 , 30 , 15 , 43 , 91 , 296 , 276 , 354 , 451 , 477 ,,,,,,,,,,,,,2 161 
ПАО Башинформсвязь, ГК №1001 (621 АвтоУраган),АвтоУраган,194352M065,194352M065, 4 , 6 , 3 , 3 , 1 ,, 1 , 8 , 17 , 23 , 41 , 36 ,,,,,,,,,,,,, 143 
ПАО Башинформсвязь, ГК №1001 (621 АвтоУраган),АвтоУраган,194352M066,194352M066, 287 , 199 , 92 , 90 , 86 , 114 , 273 , 505 , 763 ,1 030 ,1 292 ,1 508 ,,,,,,,,,,,,,6 239 
ПАО Башинформсвязь, ГК №1001 (621 АвтоУраган),АвтоУраган,194352M067,194352M067, 15 , 7 , 2 , 6 , 2 , 8 , 13 , 11 , 38 , 42 , 51 , 88 ,,,,,,,,,,,,, 283 
ПАО Башинформсвязь, ГК №1001 (621 АвтоУраган),АвтоУраган,194352M068,194352M068, 50 , 27 , 38 , 21 , 24 , 28 , 42 , 118 , 165 , 196 , 211 , 234 ,,,,,,,,,,,,,1 154 
ПАО Башинформсвязь, ГК №1001 (621 АвтоУраган),АвтоУраган,194352M069,194352M069, 17 , 10 , 7 , 16 , 7 , 10 , 50 , 107 , 152 , 218 , 290 , 356 ,,,,,,,,,,,,,1 240 
ПАО Башинформсвязь, ГК №1001 (621 АвтоУраган),АвтоУраган,194352M070,194352M070, 166 , 116 , 79 , 53 , 42 , 90 , 170 , 487 , 608 , 747 , 943 ,,,,,,,,,,,,,,3 501 
ПАО Башинформсвязь, ГК №1001 (621 АвтоУраган),АвтоУраган,194352M071,194352M071, 18 , 14 , 8 , 3 , 4 , 8 , 25 , 29 , 49 , 72 , 87 , 106 ,,,,,,,,,,,,, 423 
ПАО Башинформсвязь, ГК №1001 (621 АвтоУраган),АвтоУраган,194352M072,194352M072, 116 , 94 , 53 , 29 , 27 , 66 , 96 , 268 , 314 , 389 , 506 , 605 ,,,,,,,,,,,,,2 563 
ПАО Башинформсвязь, ГК №1001 (621 АвтоУраган),АвтоУраган,194352M073,194352M073, 56 , 32 , 23 , 15 , 5 , 20 , 45 , 136 , 179 , 266 , 334 , 355 ,,,,,,,,,,,,,1 466 
ПАО Башинформсвязь, ГК №1001 (621 АвтоУраган),АвтоУраган,194352M074,194352M074, 139 , 158 , 107 , 109 , 87 , 95 , 135 , 200 , 233 , 264 , 313 , 338 ,,,,,,,,,,,,,2 178 
ПАО Башинформсвязь, ГК №1001 (621 АвтоУраган),АвтоУраган,194352M075,194352M075, 117 , 112 , 92 , 63 , 75 , 95 , 123 , 226 , 289 , 326 , 309 , 395 ,,,,,,,,,,,,,2 222 
ПАО Башинформсвязь, ГК №1001 (621 АвтоУраган),АвтоУраган,194352M076,194352M076, 100 , 89 , 39 , 38 , 24 , 42 , 94 , 174 , 280 , 452 , 585 , 714 ,,,,,,,,,,,,,2 631 
ПАО Башинформсвязь, ГК №1001 (621 АвтоУраган),АвтоУраган,194352M077,194352M077, 120 , 94 , 53 , 39 , 22 , 19 , 33 , 120 , 185 , 330 , 412 , 477 ,,,,,,,,,,,,,1 904 
ПАО Башинформсвязь, ГК №1001 (621 АвтоУраган),АвтоУраган,194352M078,194352M078, 74 , 83 , 38 , 28 , 23 , 26 , 37 , 107 , 142 , 225 , 268 , 322 ,,,,,,,,,,,,,1 373 
ПАО Башинформсвязь, ГК №1001 (621 АвтоУраган),АвтоУраган,194352M079,194352M079, 228 , 166 , 46 , 41 , 53 , 98 , 311 , 392 , 589 , 864 ,1 133 ,1 265 ,,,,,,,,,,,,,5 186 
ПАО Башинформсвязь, ГК №1001 (621 АвтоУраган),АвтоУраган,194352M080,194352M080, 76 , 45 , 28 , 20 , 12 , 11 , 15 , 51 ,,,, 91 ,,,,,,,,,,,,, 349 
ПАО Башинформсвязь, ГК №1001 (621 АвтоУраган),АвтоУраган,194352M081,194352M081, 136 , 112 , 56 , 39 , 44 , 38 , 65 , 173 , 236 , 392 , 511 , 606 ,,,,,,,,,,,,,2 408 
ПАО Башинформсвязь, ГК №1001 (621 АвтоУраган),АвтоУраган,194352M082,194352M082, 132 , 112 , 59 , 57 , 40 , 37 , 23 , 61 , 110 , 166 , 170 , 240 ,,,,,,,,,,,,,1 207 
ПАО Башинформсвязь, ГК №1001 (621 АвтоУраган),АвтоУраган,194352M083,194352M083, 172 , 117 , 73 , 50 , 54 , 77 , 140 , 427 , 595 , 777 , 987 ,1 075 ,,,,,,,,,,,,,4 544 
ПАО Башинформсвязь, ГК №1001 (621 АвтоУраган),АвтоУраган,194352M084,194352M084, 52 , 48 , 55 , 50 , 48 , 62 , 75 , 116 , 174 , 167 , 185 , 215 ,,,,,,,,,,,,,1 247 
ПАО Башинформсвязь, ГК №1001 (621 АвтоУраган),АвтоУраган,194352M085,194352M085, 21 , 21 , 13 , 13 , 11 , 8 , 29 , 107 , 163 , 212 , 310 , 300 ,,,,,,,,,,,,,1 208 
ПАО Башинформсвязь, ГК №1001 (621 АвтоУраган),АвтоУраган,194352M086,194352M086, 21 , 16 , 7 , 3 , 4 , 16 , 16 , 54 , 101 , 109 , 128 , 172 ,,,,,,,,,,,,, 647 
ПАО Башинформсвязь, ГК №1001 (621 АвтоУраган),АвтоУраган,194352M087,194352M087, 110 , 70 , 44 , 34 , 49 , 50 , 131 , 302 , 451 , 563 , 691 , 820 ,,,,,,,,,,,,,3 315 
ПАО Башинформсвязь, ГК №1001 (621 АвтоУраган),АвтоУраган,194352M088,194352M088, 90 , 73 , 41 , 31 , 27 , 38 , 101 , 215 , 338 , 527 , 764 , 826 ,,,,,,,,,,,,,3 071 
ПАО Башинформсвязь, ГК №1001 (621 АвтоУраган),АвтоУраган,194352M089,194352M089, 36 , 30 , 33 , 13 , 7 , 7 , 27 , 42 , 87 , 115 , 149 , 171 ,,,,,,,,,,,,, 717 
ПАО Башинформсвязь, ГК №1001 (621 АвтоУраган),АвтоУраган,194352M090,194352M090, 12 , 10 , 8 , 7 , 2 , 2 , 10 , 30 , 38 , 46 , 61 , 70 ,,,,,,,,,,,,, 296 
ПАО Башинформсвязь, ГК №1001 (621 АвтоУраган),АвтоУраган,194352M091,194352M091, 11 , 9 , 10 , 12 , 13 , 8 , 25 , 60 , 87 , 128 , 170 , 176 ,,,,,,,,,,,,, 709 
ПАО Башинформсвязь, ГК №1001 (621 АвтоУраган),АвтоУраган,194352M092,194352M092, 83 , 79 , 50 , 34 , 69 , 80 , 144 , 257 , 228 , 339 , 351 , 425 ,,,,,,,,,,,,,2 139 
ПАО Башинформсвязь, ГК №1001 (621 АвтоУраган),АвтоУраган,194352M093,194352M093, 92 , 70 , 67 , 59 , 29 , 59 , 88 , 221 , 301 , 345 , 391 , 443 ,,,,,,,,,,,,,2 165 
ПАО Башинформсвязь, ГК №1001 (621 АвтоУраган),АвтоУраган,194352M094,194352M094, 198 , 114 , 134 , 108 , 60 , 63 , 162 , 449 , 510 , 632 , 700 ,,,,,,,,,,,,,,3 130 
ПАО Башинформсвязь, ГК №1001 (621 АвтоУраган),АвтоУраган,194352M095,194352M095, 104 , 83 , 52 , 50 , 27 , 49 , 67 , 153 , 250 , 315 , 476 , 481 ,,,,,,,,,,,,,2 107 
ПАО Башинформсвязь, ГК №1001 (621 АвтоУраган),АвтоУраган,194352M096,194352M096, 244 , 189 , 127 , 106 , 93 , 109 , 114 , 319 , 452 , 661 , 727 , 885 ,,,,,,,,,,,,,4 026 
ПАО Башинформсвязь, ГК №1001 (621 АвтоУраган),АвтоУраган,194352M097,194352M097, 176 , 107 , 84 , 51 , 56 , 27 , 53 , 119 , 195 , 278 , 394 , 447 ,,,,,,,,,,,,,1 987 
ПАО Башинформсвязь, ГК №1001 (621 АвтоУраган),АвтоУраган,194352M098,194352M098, 58 , 42 , 22 , 16 , 10 , 19 , 22 , 62 , 107 , 173 , 234 , 279 ,,,,,,,,,,,,,1 044 
ПАО Башинформсвязь, ГК №1001 (621 АвтоУраган),АвтоУраган,194352M099,194352M099, 74 , 61 , 44 , 29 , 38 , 48 , 110 , 202 , 207 , 274 , 312 , 397 ,,,,,,,,,,,,,1 796 
ПАО Башинформсвязь, ГК №1001 (621 АвтоУраган),АвтоУраган,194352M100,194352M100, 22 , 10 , 8 , 2 , 3 , 9 , 36 , 99 , 69 , 69 , 84 , 84 ,,,,,,,,,,,,, 495 
ПАО Башинформсвязь, ГК №1001 (621 АвтоУраган),АвтоУраган,194352M101,194352M101, 2 , 4 ,, 2 , 4 , 2 , 8 , 11 , 20 , 38 , 32 , 36 ,,,,,,,,,,,,, 159 
ПАО Башинформсвязь, ГК №1001 (621 АвтоУраган),АвтоУраган,194352M102,194352M102, 125 , 122 , 77 , 71 , 67 , 62 , 33 , 158 , 321 , 317 , 351 , 425 ,,,,,,,,,,,,,2 129 
ПАО Башинформсвязь, ГК №1001 (621 АвтоУраган),АвтоУраган,194352M103,194352M103, 112 , 85 , 59 , 49 , 53 , 60 , 128 , 249 , 450 , 764 , 983 ,1 279 ,,,,,,,,,,,,,4 271 
ПАО Башинформсвязь, ГК №1001 (621 АвтоУраган),АвтоУраган,194352M104,194352M104, 30 , 16 , 8 , 6 , 11 , 10 , 40 , 48 , 67 , 96 , 102 , 137 ,,,,,,,,,,,,, 571 
ПАО Башинформсвязь, ГК №1001 (621 АвтоУраган),АвтоУраган,194352M105,194352M105, 93 , 57 , 51 , 25 , 41 , 46 , 106 , 268 , 392 , 476 , 635 , 678 ,,,,,,,,,,,,,2 868 
ПАО Башинформсвязь, ГК №1001 (621 АвтоУраган),АвтоУраган,194352M106,194352M106, 11 , 11 , 6 , 2 , 5 , 1 , 11 , 62 , 148 , 90 , 94 , 168 ,,,,,,,,,,,,, 609 
ПАО Башинформсвязь, ГК №1001 (621 АвтоУраган),АвтоУраган,194352M107,194352M107, 149 , 109 , 69 , 46 , 38 , 45 , 57 , 93 , 171 , 257 , 356 , 449 ,,,,,,,,,,,,,1 839 
ПАО Башинформсвязь, ГК №1001 (621 АвтоУраган),АвтоУраган,194352M108,194352M108, 67 , 40 , 22 , 12 , 7 , 20 , 129 , 248 , 301 , 376 , 440 , 433 ,,,,,,,,,,,,,2 095 
ПАО Башинформсвязь, ГК №1001 (621 АвтоУраган),АвтоУраган,194352M109,194352M109, 46 , 29 , 21 , 13 , 41 , 101 , 75 , 109 , 186 , 227 , 280 , 317 ,,,,,,,,,,,,,1 445 
ПАО Башинформсвязь, ГК №1001 (621 АвтоУраган),АвтоУраган,194352M110,194352M110, 115 , 67 , 53 , 48 , 56 , 61 , 105 , 215 , 260 , 342 , 422 , 530 ,,,,,,,,,,,,,2 274 
ПАО Башинформсвязь, ГК №1001 (621 АвтоУраган),АвтоУраган,194352M111,194352M111, 46 , 36 , 24 , 35 , 33 , 54 , 71 , 106 , 167 , 143 , 128 , 25 ,,,,,,,,,,,,, 868 
ПАО Башинформсвязь, ГК №1001 (621 АвтоУраган),АвтоУраган,194352M112,194352M112, 73 , 50 , 31 , 34 , 62 , 33 , 64 , 176 , 273 , 373 , 419 , 543 ,,,,,,,,,,,,,2 131 
ПАО Башинформсвязь, ГК №1001 (621 АвтоУраган),АвтоУраган,194352M113,194352M113, 39 , 12 , 12 , 10 , 15 , 24 , 44 , 140 , 183 , 258 , 342 , 324 ,,,,,,,,,,,,,1 403 
ПАО Башинформсвязь, ГК №1001 (621 АвтоУраган),АвтоУраган,194352M114,194352M114, 208 , 163 , 85 , 57 , 39 , 92 , 144 , 374 , 622 , 892 ,1 275 ,1 380 ,,,,,,,,,,,,,5 331 
ПАО Башинформсвязь, ГК №1001 (621 АвтоУраган),АвтоУраган,194352M115,194352M115, 201 , 137 , 117 , 88 , 72 , 167 , 341 , 717 , 982 ,1 213 ,1 464 ,1 560 ,,,,,,,,,,,,,7 059 
ПАО Башинформсвязь, ГК №1001 (621 АвтоУраган),АвтоУраган,194352M116,194352M116, 85 , 58 , 41 , 27 , 18 , 32 , 77 , 189 , 221 , 275 , 321 , 342 ,,,,,,,,,,,,,1 686 
ПАО Башинформсвязь, ГК №1001 (621 АвтоУраган),АвтоУраган,194352M117,194352M117, 110 , 67 , 56 , 47 , 51 , 66 , 118 , 284 , 426 , 466 , 636 , 678 ,,,,,,,,,,,,,3 005 
ПАО Башинформсвязь, ГК №1001 (621 АвтоУраган),АвтоУраган,194352M118,194352M118, 96 , 76 , 64 , 48 , 27 , 77 , 134 , 210 , 282 , 356 , 400 , 382 ,,,,,,,,,,,,,2 152 
ПАО Башинформсвязь, ГК №1001 (621 АвтоУраган),АвтоУраган,194352M119,194352M119, 29 , 18 , 13 , 7 , 14 , 10 , 25 , 85 , 135 , 163 , 201 , 227 ,,,,,,,,,,,,, 927 
ПАО Башинформсвязь, ГК №1001 (621 АвтоУраган),АвтоУраган,194352M120,194352M120, 18 , 20 , 6 , 12 , 6 , 8 , 25 , 56 , 83 , 123 , 153 , 181 ,,,,,,,,,,,,, 691 
ПАО Башинформсвязь, ГК №1001 (621 АвтоУраган),АвтоУраган,194352M121,194352M121, 19 , 9 , 7 , 3 , 12 , 19 , 12 , 25 , 64 , 120 , 132 , 165 ,,,,,,,,,,,,, 587 
ПАО Башинформсвязь, ГК №1001 (621 АвтоУраган),АвтоУраган,194352M122,194352M122, 31 , 28 , 13 , 20 , 12 , 18 , 23 , 82 , 149 , 250 , 231 , 295 ,,,,,,,,,,,,,1 152 
ПАО Башинформсвязь, ГК №1001 (621 АвтоУраган),АвтоУраган,194352M123,194352M123, 10 , 7 , 4 , 3 , 1 , 5 , 9 , 30 , 48 , 61 , 91 , 73 ,,,,,,,,,,,,, 342 
ПАО Башинформсвязь, ГК №1001 (621 АвтоУраган),АвтоУраган,194352M124,194352M124, 214 , 157 , 60 , 40 , 47 , 102 , 305 , 569 , 716 , 922 ,1 074 ,1 324 ,,,,,,,,,,,,,5 530 
ПАО Башинформсвязь, ГК №1001 (621 АвтоУраган),АвтоУраган,194352M125,194352M125, 155 , 86 , 92 , 85 , 45 , 43 , 116 , 329 , 382 , 473 , 541 , 566 ,,,,,,,,,,,,,2 913 
ПАО Башинформсвязь, ГК №1001 (621 АвтоУраган),АвтоУраган,194352M126,194352M126, 104 , 78 , 64 , 29 , 22 , 34 , 42 , 78 , 133 , 192 , 295 , 398 ,,,,,,,,,,,,,1 469 
ПАО Башинформсвязь, ГК №1001 (621 АвтоУраган),АвтоУраган,194352M127,194352M127, 36 , 33 , 10 , 2 , 21 , 90 , 94 , 268 , 364 , 500 , 553 , 167 ,,,,,,,,,,,,,2 138 
ПАО Башинформсвязь, ГК №1001 (621 АвтоУраган),АвтоУраган,194352M128,194352M128, 14 , 6 , 7 , 4 , 4 , 6 , 9 , 20 , 55 , 97 , 126 , 126 ,,,,,,,,,,,,, 474 
ПАО Башинформсвязь, ГК №1001 (621 АвтоУраган),АвтоУраган,194352M129,194352M129, 82 , 48 , 22 , 32 , 37 , 76 , 135 , 380 , 423 , 466 , 572 , 619 ,,,,,,,,,,,,,2 892 
ПАО Башинформсвязь, ГК №1001 (621 АвтоУраган),АвтоУраган,194352M130,194352M130, 61 , 44 , 23 , 18 , 20 , 40 , 79 , 220 , 259 , 186 , 267 , 318 ,,,,,,,,,,,,,1 535 
ПАО Башинформсвязь, ГК №1001 (621 АвтоУраган),АвтоУраган,194352M131,194352M131, 71 , 42 , 38 , 46 , 23 , 36 , 68 , 113 , 150 , 15 , 1 , 139 ,,,,,,,,,,,,, 742 
ПАО Башинформсвязь, ГК №1001 (621 АвтоУраган),АвтоУраган,194352M132,194352M132, 25 , 23 , 20 , 8 , 14 , 31 , 61 , 150 , 214 , 324 , 371 , 448 ,,,,,,,,,,,,,1 689 
ПАО Башинформсвязь, ГК №1001 (621 АвтоУраган),АвтоУраган,194352M133,194352M133, 13 , 5 , 5 , 2 , 3 , 6 , 9 , 37 , 53 , 78 , 139 , 168 ,,,,,,,,,,,,, 518 
ПАО Башинформсвязь, ГК №1001 (621 АвтоУраган),АвтоУраган,194352M134,194352M134, 87 , 52 , 33 , 30 , 23 , 23 , 39 , 105 , 215 , 263 , 375 , 456 ,,,,,,,,,,,,,1 701 
ПАО Башинформсвязь, ГК №1001 (621 АвтоУраган),АвтоУраган,194352M135,194352M135, 72 , 52 , 23 , 20 , 22 , 11 , 9 , 12 , 14 , 8 , 5 , 68 ,,,,,,,,,,,,, 316 
ПАО Башинформсвязь, ГК №1001 (621 АвтоУраган),АвтоУраган,194352M136,194352M136, 3 , 49 , 37 , 22 , 22 , 37 , 44 , 1 , 1 , 1 , 3 , 3 ,,,,,,,,,,,,, 223 
ПАО Башинформсвязь, ГК №1001 (621 АвтоУраган),АвтоУраган,194352M137,194352M137, 93 , 65 , 46 , 40 , 48 , 38 , 32 , 145 , 196 , 234 , 267 , 303 ,,,,,,,,,,,,,1 507 
ПАО Башинформсвязь, ГК №1001 (621 АвтоУраган),АвтоУраган,194352M139,194352M139, 3 , 3 , 2 , 1 , 1 , 1 ,, 8 , 20 , 25 , 42 , 26 ,,,,,,,,,,,,, 132 
ПАО Башинформсвязь, ГК №1001 (621 АвтоУраган),АвтоУраган,194352M140,194352M140, 57 , 48 , 34 , 36 , 26 , 80 , 157 , 312 , 341 , 379 , 457 , 533 ,,,,,,,,,,,,,2 460 
ПАО Башинформсвязь, ГК №1001 (621 АвтоУраган),АвтоУраган,194352M141,194352M141, 117 , 90 , 88 , 83 , 71 , 94 , 147 , 220 , 353 , 418 , 381 , 460 ,,,,,,,,,,,,,2 522 
ПАО Башинформсвязь, ГК №1001 (621 АвтоУраган),АвтоУраган,194352M142,194352M142, 58 , 37 , 27 , 20 , 31 , 37 , 116 , 307 , 454 , 539 , 710 , 688 ,,,,,,,,,,,,,3 024 
ПАО Башинформсвязь, ГК №1001 (621 АвтоУраган),АвтоУраган,194352M143,194352M143, 10 , 9 , 6 , 4 , 6 , 8 , 15 , 47 , 73 , 84 , 95 , 130 ,,,,,,,,,,,,, 487 
ПАО Башинформсвязь, ГК №1001 (621 АвтоУраган),АвтоУраган,194352M144,194352M144, 29 , 19 , 19 , 8 , 23 , 24 , 11 , 30 , 87 , 133 , 163 , 183 ,,,,,,,,,,,,, 729 
ПАО Башинформсвязь, ГК №1001 (621 АвтоУраган),АвтоУраган,194352M146,194352M146, 30 , 23 , 14 , 13 , 14 , 13 , 23 , 56 , 166 , 183 , 199 , 237 ,,,,,,,,,,,,, 971 
ПАО Башинформсвязь, ГК №1001 (621 АвтоУраган),АвтоУраган,194352M147,194352M147, 58 , 59 , 55 , 55 , 76 , 62 , 83 , 171 , 223 , 292 , 298 , 372 ,,,,,,,,,,,,,1 804 
ПАО Башинформсвязь, ГК №1001 (621 АвтоУраган),АвтоУраган,194352M148,194352M148,,,,,,, 25 , 96 , 203 , 331 , 363 , 473 ,,,,,,,,,,,,,1 491 
ПАО Башинформсвязь, ГК №1001 (621 АвтоУраган),АвтоУраган,194352M149,194352M149, 88 , 105 , 108 , 55 , 64 , 52 , 51 , 102 , 219 , 196 , 288 , 260 ,,,,,,,,,,,,,1 588 
ПАО Башинформсвязь, ГК №1001 (621 АвтоУраган),АвтоУраган,194352M150,194352M150, 157 , 123 , 68 , 47 , 35 , 75 , 156 , 360 , 541 , 755 ,1 081 ,1 221 ,,,,,,,,,,,,,4 619 
ПАО Башинформсвязь, ГК №1001 (621 АвтоУраган),АвтоУраган,194352M151,194352M151, 217 , 166 , 109 , 117 , 92 , 161 ,,,,,,,,,,,,,,,,,,, 862 
ПАО Башинформсвязь, ГК №1001 (621 АвтоУраган),АвтоУраган,194352M152,194352M152, 30 , 9 , 13 , 10 , 4 , 7 , 12 , 32 , 90 , 134 , 166 , 208 ,,,,,,,,,,,,, 715 
ПАО Башинформсвязь, ГК №1001 (621 АвтоУраган),АвтоУраган,194352M154,194352M154, 39 , 25 , 17 , 24 , 12 , 15 , 21 , 53 , 108 , 121 , 125 , 174 ,,,,,,,,,,,,, 734 
ПАО Башинформсвязь, ГК №1001 (621 АвтоУраган),АвтоУраган,194352M155,194352M155, 137 , 93 , 95 , 86 , 80 , 85 , 136 , 290 , 416 , 399 , 478 , 420 ,,,,,,,,,,,,,2 715 
ПАО Башинформсвязь, ГК №1001 (621 АвтоУраган),АвтоУраган,194352M156,194352M156, 42 , 36 , 24 , 16 , 14 , 6 , 16 , 42 , 118 , 170 , 203 , 224 ,,,,,,,,,,,,, 911 
ПАО Башинформсвязь, ГК №1001 (621 АвтоУраган),АвтоУраган,194352M157,194352M157, 164 , 95 , 66 , 73 , 37 , 36 , 88 , 315 , 421 , 589 , 688 , 858 ,,,,,,,,,,,,,3 430 
ПАО Башинформсвязь, ГК №1001 (621 АвтоУраган),АвтоУраган,194352M158,194352M158, 111 , 75 , 41 , 30 , 18 , 39 , 120 , 252 , 449 , 557 , 650 , 779 ,,,,,,,,,,,,,3 121 
ПАО Башинформсвязь, ГК №1001 (621 АвтоУраган),АвтоУраган,194352M159,194352M159, 229 , 148 , 120 , 90 , 74 , 83 , 177 , 380 , 589 , 402 , 651 , 866 ,,,,,,,,,,,,,3 809 
ПАО Башинформсвязь, ГК №1001 (621 АвтоУраган),АвтоУраган,194352M160,194352M160, 199 , 125 , 91 , 82 , 64 , 61 , 131 , 184 , 411 , 474 , 417 , 565 ,,,,,,,,,,,,,2 804 
ПАО Башинформсвязь, ГК №1001 (621 АвтоУраган),АвтоУраган,194352M161,194352M161, 59 , 34 , 32 , 34 , 21 , 58 , 89 , 197 , 323 , 379 , 538 , 574 ,,,,,,,,,,,,,2 338 
ПАО Башинформсвязь, ГК №1001 (621 АвтоУраган),АвтоУраган,194352M162,194352M162, 95 , 61 , 45 , 22 , 22 , 30 , 55 , 203 , 291 , 314 , 377 , 494 ,,,,,,,,,,,,,2 009 
ПАО Башинформсвязь, ГК №1001 (621 АвтоУраган),АвтоУраган,194352M163,194352M163, 106 , 81 , 49 , 53 , 25 , 37 , 46 , 132 , 187 , 286 , 343 , 418 ,,,,,,,,,,,,,1 763 
ПАО Башинформсвязь, ГК №1001 (621 АвтоУраган),АвтоУраган,194352M164,194352M164, 224 , 167 , 129 , 109 , 94 , 207 , 363 , 506 , 700 , 813 , 893 , 894 ,,,,,,,,,,,,,5 099 
ПАО Башинформсвязь, ГК №1001 (621 АвтоУраган),АвтоУраган,194352M165,194352M165, 22 , 18 , 8 , 9 , 5 , 10 , 22 , 39 , 61 , 119 , 130 , 138 ,,,,,,,,,,,,, 581 
ПАО Башинформсвязь, ГК №1001 (621 АвтоУраган),АвтоУраган,194352M166,194352M166, 52 , 16 , 12 , 16 , 9 , 29 , 76 , 143 , 188 , 214 , 267 , 301 ,,,,,,,,,,,,,1 323 
ПАО Башинформсвязь, ГК №1001 (621 АвтоУраган),АвтоУраган,194352M167,194352M167, 62 , 49 , 27 , 31 , 18 , 39 , 76 , 138 , 195 , 222 , 260 , 317 ,,,,,,,,,,,,,1 434 
ПАО Башинформсвязь, ГК №1001 (621 АвтоУраган),АвтоУраган,194352M168,194352M168, 83 , 92 , 34 , 26 , 23 , 48 , 178 , 332 , 405 , 529 , 742 , 785 ,,,,,,,,,,,,,3 277 
ПАО Башинформсвязь, ГК №1001 (621 АвтоУраган),АвтоУраган,194352M169,194352M169, 31 , 16 , 14 , 12 , 5 , 34 , 43 , 111 , 175 , 192 , 241 , 255 ,,,,,,,,,,,,,1 129 
ПАО Башинформсвязь, ГК №1001 (621 АвтоУраган),АвтоУраган,194352M170,194352M170, 49 , 42 , 30 , 35 , 16 , 21 , 48 , 133 , 168 , 211 , 223 , 258 ,,,,,,,,,,,,,1 234 
ПАО Башинформсвязь, ГК №1001 (621 АвтоУраган),АвтоУраган,194352M171,194352M171, 63 , 33 , 36 , 21 , 25 , 32 , 31 , 132 , 193 , 213 , 265 , 312 ,,,,,,,,,,,,,1 356 
ПАО Башинформсвязь, ГК №1001 (621 АвтоУраган),АвтоУраган,194352M172,194352M172, 151 , 87 , 61 , 41 , 39 , 67 , 185 , 423 , 472 , 640 , 820 , 992 ,,,,,,,,,,,,,3 978 
ПАО Башинформсвязь, ГК №1001 (621 АвтоУраган),АвтоУраган,194352M173,194352M173, 151 , 115 , 100 , 97 , 67 , 92 , 162 , 268 , 487 , 478 , 560 , 612 ,,,,,,,,,,,,,3 189 
ПАО Башинформсвязь, ГК №1001 (621 АвтоУраган),АвтоУраган,194352M174,194352M174, 115 , 85 , 53 , 45 , 30 , 62 , 113 , 241 , 368 , 866 , 931 , 667 ,,,,,,,,,,,,,3 576 
ПАО Башинформсвязь, ГК №1001 (621 АвтоУраган),АвтоУраган,194352M175,194352M175, 104 , 70 , 39 , 27 , 49 , 84 , 161 , 271 , 360 , 466 , 598 , 608 ,,,,,,,,,,,,,2 837 
ПАО Башинформсвязь, ГК №1001 (621 АвтоУраган),АвтоУраган,194352M176,194352M176, 251 , 180 , 153 , 91 , 70 , 88 , 176 , 350 , 475 , 547 , 764 , 901 ,,,,,,,,,,,,,4 046 
ПАО Башинформсвязь, ГК №1001 (621 АвтоУраган),АвтоУраган,194352M178,194352M178, 179 , 99 , 80 , 49 , 50 , 42 , 116 , 273 , 430 , 723 , 966 , 692 ,,,,,,,,,,,,,3 699 
ПАО Башинформсвязь, ГК №1001 (621 АвтоУраган),АвтоУраган,194352M179,194352M179, 14 , 8 , 4 , 2 , 3 , 2 , 12 , 42 , 89 , 99 , 119 , 139 ,,,,,,,,,,,,, 533 
ПАО Башинформсвязь, ГК №1001 (621 АвтоУраган),АвтоУраган,194352M180,194352M180, 4 , 9 , 2 , 6 , 1 , 9 , 19 , 23 , 41 , 58 , 58 , 89 ,,,,,,,,,,,,, 319 
ПАО Башинформсвязь, ГК №1001 (621 АвтоУраган),АвтоУраган,194352M181,194352M181, 62 , 54 , 29 , 24 , 17 , 37 , 65 , 180 , 258 , 283 , 370 , 473 ,,,,,,,,,,,,,1 852 
ПАО Башинформсвязь, ГК №1001 (621 АвтоУраган),АвтоУраган,194352M182,194352M182, 49 , 25 , 30 , 17 , 10 , 12 , 11 , 42 , 133 , 212 , 243 , 274 ,,,,,,,,,,,,,1 058 
ПАО Башинформсвязь, ГК №1001 (621 АвтоУраган),АвтоУраган,194352M183,194352M183, 73 , 68 , 55 , 71 , 73 , 118 , 154 , 252 , 309 , 412 , 485 , 530 ,,,,,,,,,,,,,2 600 
ПАО Башинформсвязь, ГК №1001 (621 АвтоУраган),АвтоУраган,194352M184,194352M184, 202 , 121 , 127 , 96 , 59 , 96 , 229 , 417 , 475 , 604 , 699 , 789 ,,,,,,,,,,,,,3 914 
ПАО Башинформсвязь, ГК №1001 (621 АвтоУраган),АвтоУраган,194352M185,194352M185, 19 , 16 , 10 , 8 , 6 , 11 , 33 , 71 , 105 , 178 , 228 , 223 ,,,,,,,,,,,,, 908 
ПАО Башинформсвязь, ГК №1001 (621 АвтоУраган),АвтоУраган,194352M186,194352M186, 19 , 18 , 6 , 13 , 3 , 6 , 16 , 102 , 145 , 196 , 219 , 268 ,,,,,,,,,,,,,1 011 
ПАО Башинформсвязь, ГК №1001 (621 АвтоУраган),АвтоУраган,194352M187,194352M187, 295 , 219 , 160 , 106 , 72 , 54 , 95 , 190 , 338 , 30 , 14 , 305 ,,,,,,,,,,,,,1 878 
ПАО Башинформсвязь, ГК №1001 (621 АвтоУраган),АвтоУраган,194352M188,194352M188, 13 , 13 , 9 , 6 , 7 , 8 , 13 , 31 , 78 , 97 , 135 , 139 ,,,,,,,,,,,,, 549 
ПАО Башинформсвязь, ГК №1001 (621 АвтоУраган),АвтоУраган,194352M189,194352M189, 65 , 57 , 56 , 66 , 75 , 86 , 126 , 214 , 290 , 348 , 374 , 440 ,,,,,,,,,,,,,2 197 
ПАО Башинформсвязь, ГК №1001 (621 АвтоУраган),АвтоУраган,194352M190,194352M190, 46 , 43 , 26 , 10 , 6 , 36 , 191 , 229 , 163 , 161 , 221 , 254 ,,,,,,,,,,,,,1 386 
ПАО Башинформсвязь, ГК №1001 (621 АвтоУраган),АвтоУраган,194352M191,194352M191, 59 , 32 , 32 , 23 , 23 , 34 , 57 , 86 , 113 , 164 , 152 , 207 ,,,,,,,,,,,,, 982 
ПАО Башинформсвязь, ГК №1001 (621 АвтоУраган),АвтоУраган,194352M192,194352M192, 75 , 78 , 54 , 74 , 109 , 171 , 318 , 320 , 182 ,,, 169 ,,,,,,,,,,,,,1 550 
ПАО Башинформсвязь, ГК №1001 (621 АвтоУраган),АвтоУраган,194352M193,194352M193, 73 , 61 , 42 , 40 , 81 , 116 , 158 , 307 , 305 , 470 , 583 , 698 ,,,,,,,,,,,,,2 934 
ПАО Башинформсвязь, ГК №1001 (621 АвтоУраган),АвтоУраган,194352M194,194352M194, 14 , 10 , 9 , 4 , 2 , 9 , 12 , 37 , 63 , 89 , 81 , 94 ,,,,,,,,,,,,, 424 
ПАО Башинформсвязь, ГК №1001 (621 АвтоУраган),АвтоУраган,194352M195,194352M195, 60 , 41 , 33 , 19 , 16 , 17 , 45 , 119 , 178 , 274 , 341 , 477 ,,,,,,,,,,,,,1 620 
ПАО Башинформсвязь, ГК №1001 (621 АвтоУраган),АвтоУраган,194352M196,194352M196, 20 , 5 , 5 , 7 , 4 , 14 , 28 , 59 , 101 , 171 , 176 , 199 ,,,,,,,,,,,,, 789 
ПАО Башинформсвязь, ГК №1001 (621 АвтоУраган),АвтоУраган,194352M197,194352M197, 126 , 62 , 47 , 37 , 39 , 61 , 200 , 366 , 360 , 418 , 535 , 605 ,,,,,,,,,,,,,2 856 
ПАО Башинформсвязь, ГК №1001 (621 АвтоУраган),АвтоУраган,194352M198,194352M198, 8 , 9 , 2 , 7 , 4 , 6 , 12 , 25 , 52 , 81 , 79 , 104 ,,,,,,,,,,,,, 389 
ПАО Башинформсвязь, ГК №1001 (621 АвтоУраган),АвтоУраган,194352M199,194352M199, 29 , 20 , 13 , 10 , 8 , 8 , 7 , 34 , 64 , 66 , 108 , 123 ,,,,,,,,,,,,, 490 
ПАО Башинформсвязь, ГК №1001 (621 АвтоУраган),АвтоУраган,194352M200,194352M200, 59 , 48 , 36 , 37 , 33 , 79 , 287 , 536 , 556 , 465 , 557 , 651 ,,,,,,,,,,,,,3 344 
ПАО Башинформсвязь, ГК №1001 (621 АвтоУраган),АвтоУраган,194352M201,194352M201, 219 , 113 , 52 , 36 , 72 , 106 , 333 , 380 , 457 , 602 , 798 , 892 ,,,,,,,,,,,,,4 060 
ПАО Башинформсвязь, ГК №1001 (621 АвтоУраган),АвтоУраган,194352M202,194352M202, 15 , 7 , 9 , 4 , 2 , 10 , 41 , 65 , 115 , 156 , 205 , 242 ,,,,,,,,,,,,, 871 
ПАО Башинформсвязь, ГК №1001 (621 АвтоУраган),АвтоУраган,194352M203,194352M203, 21 , 10 , 9 , 2 , 2 , 4 , 13 , 35 , 50 , 62 , 92 , 82 ,,,,,,,,,,,,, 382 
ПАО Башинформсвязь, ГК №1001 (621 АвтоУраган),АвтоУраган,194352M204,194352M204, 104 , 108 , 119 , 72 , 44 , 44 , 89 , 163 , 193 , 181 , 222 , 233 ,,,,,,,,,,,,,1 572 
ПАО Башинформсвязь, ГК №1001 (621 АвтоУраган),АвтоУраган,194352M205,194352M205, 26 , 13 , 10 , 5 , 3 , 7 , 7 , 28 , 92 , 169 , 210 , 228 ,,,,,,,,,,,,, 798 
ПАО Башинформсвязь, ГК №1001 (621 АвтоУраган),АвтоУраган,194352M206,194352M206, 119 , 83 , 74 , 44 , 21 , 25 , 41 , 151 , 276 , 364 , 481 , 558 ,,,,,,,,,,,,,2 237 
ПАО Башинформсвязь, ГК №1001 (621 АвтоУраган),АвтоУраган,194352M207,194352M207, 29 , 23 , 9 , 16 , 13 , 21 , 29 , 124 , 153 , 257 , 291 , 294 ,,,,,,,,,,,,,1 259 
ПАО Башинформсвязь, ГК №1001 (621 АвтоУраган),АвтоУраган,194352M208,194352M208, 2 , 3 , 7 , 9 , 7 , 13 , 102 , 200 , 368 , 328 , 407 , 426 ,,,,,,,,,,,,,1 872 
ПАО Башинформсвязь, ГК №1001 (621 АвтоУраган),АвтоУраган,194352M209,194352M209, 48 , 21 , 31 , 13 , 8 , 20 , 29 , 99 , 217 , 304 , 350 , 414 ,,,,,,,,,,,,,1 554 
ПАО Башинформсвязь, ГК №1001 (621 АвтоУраган),АвтоУраган,194352M210,194352M210, 24 , 19 , 6 , 9 , 10 , 20 , 35 , 88 , 105 , 120 , 158 , 138 ,,,,,,,,,,,,, 732 
ПАО Башинформсвязь, ГК №1001 (621 АвтоУраган),АвтоУраган,194352M211,194352M211, 41 , 27 , 22 , 13 , 5 , 16 , 23 , 77 , 127 , 217 , 241 , 277 ,,,,,,,,,,,,,1 086 
ПАО Башинформсвязь, ГК №1001 (621 АвтоУраган),АвтоУраган,194352M213,194352M213, 11 , 6 , 4 , 1 , 2 , 2 , 8 , 10 , 28 , 59 , 57 , 68 ,,,,,,,,,,,,, 256 
ПАО Башинформсвязь, ГК №1001 (621 АвтоУраган),АвтоУраган,194352M214,194352M214, 24 , 15 , 2 , 10 , 1 , 5 , 8 , 33 , 105 , 115 , 158 , 209 ,,,,,,,,,,,,, 685 
ПАО Башинформсвязь, ГК №1001 (621 АвтоУраган),АвтоУраган,194352M215,194352M215, 208 , 132 , 98 , 75 , 67 , 56 , 135 , 284 , 484 , 653 , 704 , 865 ,,,,,,,,,,,,,3 761 
ПАО Башинформсвязь, ГК №1001 (621 АвтоУраган),АвтоУраган,194352M216,194352M216, 25 , 19 , 13 , 4 , 9 , 8 , 5 , 34 , 80 , 142 , 122 , 146 ,,,,,,,,,,,,, 607 
ПАО Башинформсвязь, ГК №1001 (621 АвтоУраган),АвтоУраган,194352M217,194352M217, 582 , 430 , 345 , 307 , 185 , 214 , 348 , 574 , 871 ,1 025 , 871 ,1 057 ,,,,,,,,,,,,,6 809 
ПАО Башинформсвязь, ГК №1001 (621 АвтоУраган),АвтоУраган,194352M218,194352M218, 144 , 114 , 94 , 65 , 61 , 65 , 199 , 342 , 466 , 629 , 546 , 662 ,,,,,,,,,,,,,3 387 
ПАО Башинформсвязь, ГК №1001 (621 АвтоУраган),АвтоУраган,194352M219,194352M219, 83 , 50 , 34 , 24 , 31 , 31 , 70 , 185 , 220 , 291 , 402 , 477 ,,,,,,,,,,,,,1 898 
ПАО Башинформсвязь, ГК №1001 (621 АвтоУраган),АвтоУраган,194352M220,194352M220, 209 , 140 , 96 , 68 , 34 , 88 , 177 , 475 , 700 , 969 ,1 181 ,1 518 ,,,,,,,,,,,,,5 655 
ПАО Башинформсвязь, ГК №1001 (621 АвтоУраган),АвтоУраган,194352M221,194352M221, 13 , 9 , 9 ,, 4 , 3 , 7 , 13 , 29 , 46 , 47 , 43 ,,,,,,,,,,,,, 223 
ПАО Башинформсвязь, ГК №1001 (621 АвтоУраган),АвтоУраган,194352M222,194352M222, 170 , 114 , 62 , 54 , 38 , 63 , 143 , 319 , 435 , 614 , 928 ,1 012 ,,,,,,,,,,,,,3 952 
ПАО Башинформсвязь, ГК №1001 (621 АвтоУраган),АвтоУраган,194352M223,194352M223, 95 , 89 , 6 , 8 , 7 , 33 , 63 , 426 , 220 , 159 , 169 , 198 ,,,,,,,,,,,,,1 473 
ПАО Башинформсвязь, ГК №1001 (621 АвтоУраган),АвтоУраган,194352M224,194352M224, 43 , 24 , 22 , 11 , 13 , 25 , 33 , 85 , 113 , 122 , 128 , 150 ,,,,,,,,,,,,, 769 
ПАО Башинформсвязь, ГК №1001 (621 АвтоУраган),АвтоУраган,194352M225,194352M225, 22 , 9 , 5 , 2 , 7 , 9 , 24 , 55 , 120 , 133 , 176 , 199 ,,,,,,,,,,,,, 761 
ПАО Башинформсвязь, ГК №1001 (621 АвтоУраган),АвтоУраган,194352M226,194352M226, 73 , 44 , 36 , 34 , 43 , 86 , 187 , 376 , 330 , 349 , 406 , 400 ,,,,,,,,,,,,,2 364 
ПАО Башинформсвязь, ГК №1001 (621 АвтоУраган),АвтоУраган,194352M227,194352M227, 20 , 12 , 13 , 5 , 3 , 8 , 9 , 30 , 49 , 78 , 96 , 93 ,,,,,,,,,,,,, 416 
ПАО Башинформсвязь, ГК №1001 (621 АвтоУраган),АвтоУраган,194352M228,194352M228, 170 , 116 , 78 , 51 , 32 , 54 , 78 , 309 , 338 , 525 , 618 , 795 ,,,,,,,,,,,,,3 164 
ПАО Башинформсвязь, ГК №1001 (621 АвтоУраган),АвтоУраган,194352M229,194352M229, 48 , 31 , 15 , 10 , 15 , 16 , 23 , 102 , 166 , 204 , 246 , 257 ,,,,,,,,,,,,,1 133 
ПАО Башинформсвязь, ГК №1001 (621 АвтоУраган),АвтоУраган,194352M230,194352M230, 36 , 22 , 13 , 5 , 10 , 16 , 39 , 103 , 142 , 223 , 286 , 254 ,,,,,,,,,,,,,1 149 
ПАО Башинформсвязь, ГК №1001 (621 АвтоУраган),АвтоУраган,194352M231,194352M231, 82 , 46 , 43 , 36 , 57 , 45 , 116 , 244 , 303 , 312 , 378 , 364 ,,,,,,,,,,,,,2 026 
ПАО Башинформсвязь, ГК №1001 (621 АвтоУраган),АвтоУраган,194352M232,194352M232, 31 , 20 , 14 , 2 , 5 , 7 , 15 , 29 , 92 , 130 , 157 , 116 ,,,,,,,,,,,,, 618 
ПАО Башинформсвязь, ГК №1001 (621 АвтоУраган),АвтоУраган,194352M233,194352M233, 95 , 91 , 40 , 34 , 35 , 44 , 108 , 226 , 294 , 446 , 638 , 730 ,,,,,,,,,,,,,2 781 
ПАО Башинформсвязь, ГК №1001 (621 АвтоУраган),АвтоУраган,194352M234,194352M234, 109 , 100 , 88 , 88 , 54 , 26 , 141 , 328 , 411 , 490 , 584 , 646 ,,,,,,,,,,,,,3 065 
ПАО Башинформсвязь, ГК №1001 (621 АвтоУраган),АвтоУраган,194352M235,194352M235, 87 , 47 , 34 , 27 , 46 , 66 , 107 , 181 , 245 , 335 , 449 , 521 ,,,,,,,,,,,,,2 145 
ПАО Башинформсвязь, ГК №1001 (621 АвтоУраган),АвтоУраган,194352M236,194352M236, 57 , 38 , 31 , 25 , 33 , 27 , 59 , 153 , 182 , 207 , 240 , 251 ,,,,,,,,,,,,,1 303 
ПАО Башинформсвязь, ГК №1001 (621 АвтоУраган),АвтоУраган,194352M237,194352M237, 20 , 7 , 3 , 1 , 5 , 8 , 27 , 53 , 117 , 132 , 174 , 202 ,,,,,,,,,,,,, 749 
ПАО Башинформсвязь, ГК №1001 (621 АвтоУраган),АвтоУраган,194352M238,194352M238, 85 , 50 , 32 , 15 , 9 , 27 , 56 , 187 , 302 , 442 , 542 , 654 ,,,,,,,,,,,,,2 401 
ПАО Башинформсвязь, ГК №1001 (621 АвтоУраган),АвтоУраган,194352M239,194352M239, 17 , 6 , 10 , 2 , 3 , 17 , 36 , 87 , 121 , 155 , 220 , 256 ,,,,,,,,,,,,, 930 
ПАО Башинформсвязь, ГК №1001 (621 АвтоУраган),АвтоУраган,194352M240,194352M240, 11 , 4 , 9 , 3 , 2 , 3 , 11 , 35 , 60 , 66 , 84 , 101 ,,,,,,,,,,,,, 389 
ПАО Башинформсвязь, ГК №1001 (621 АвтоУраган),АвтоУраган,194352M241,194352M241, 124 , 72 , 71 , 45 , 33 , 43 , 92 , 303 , 224 , 246 , 333 , 390 ,,,,,,,,,,,,,1 976 
ПАО Башинформсвязь, ГК №1001 (621 АвтоУраган),АвтоУраган,194352M242,194352M242, 14 , 11 , 4 , 5 , 3 , 7 , 5 , 17 , 47 , 89 , 98 , 85 ,,,,,,,,,,,,, 385 
ПАО Башинформсвязь, ГК №1001 (621 АвтоУраган),АвтоУраган,194352M243,194352M243, 18 , 5 , 9 , 5 , 7 , 5 , 14 , 41 , 51 , 62 , 84 , 70 ,,,,,,,,,,,,, 371 
ПАО Башинформсвязь, ГК №1001 (621 АвтоУраган),АвтоУраган,194352M244,194352M244, 249 , 155 , 131 , 112 , 92 , 96 , 156 , 234 , 284 , 394 , 352 , 338 ,,,,,,,,,,,,,2 593 
ПАО Башинформсвязь, ГК №1001 (621 АвтоУраган),АвтоУраган,194352M245,194352M245, 65 , 43 , 30 , 33 , 35 , 57 , 97 , 144 , 224 , 194 , 274 , 295 ,,,,,,,,,,,,,1 491 
ПАО Башинформсвязь, ГК №1001 (621 АвтоУраган),АвтоУраган,194352M246,194352M246, 18 , 19 , 10 , 5 , 7 , 14 , 12 , 35 , 70 , 109 , 132 , 153 ,,,,,,,,,,,,, 584 
ПАО Башинформсвязь, ГК №1001 (621 АвтоУраган),АвтоУраган,194352M247,194352M247, 24 , 19 , 9 , 10 , 2 , 3 , 8 , 37 , 96 , 117 , 166 , 131 ,,,,,,,,,,,,, 622 
ПАО Башинформсвязь, ГК №1001 (621 АвтоУраган),АвтоУраган,194352M248,194352M248, 61 , 48 , 34 , 33 , 21 , 66 , 202 , 375 , 370 , 351 , 377 , 356 ,,,,,,,,,,,,,2 294 
ПАО Башинформсвязь, ГК №1001 (621 АвтоУраган),АвтоУраган,194352M249,194352M249, 94 , 63 , 30 , 22 , 16 , 21 , 49 , 110 , 195 , 288 , 334 , 384 ,,,,,,,,,,,,,1 606 
ПАО Башинформсвязь, ГК №1001 (621 АвтоУраган),АвтоУраган,194352M250,194352M250, 10 , 11 , 4 , 3 , 3 , 2 , 9 , 31 , 88 , 97 , 110 , 142 ,,,,,,,,,,,,, 510 
ПАО Башинформсвязь, ГК №1001 (621 АвтоУраган),АвтоУраган,194352M251,194352M251, 185 , 118 , 122 , 77 , 41 , 157 , 284 , 491 , 634 , 745 , 932 , 980 ,,,,,,,,,,,,,4 766 
ПАО Башинформсвязь, ГК №1001 (621 АвтоУраган),АвтоУраган,194352M252,194352M252, 17 , 14 , 8 , 2 , 2 , 1 , 14 , 35 , 57 , 67 , 103 , 115 ,,,,,,,,,,,,, 435 
ПАО Башинформсвязь, ГК №1001 (621 АвтоУраган),АвтоУраган,194352M253,194352M253, 19 , 21 , 9 , 2 ,, 1 ,, 10 , 25 , 60 , 88 , 97 ,,,,,,,,,,,,, 332 
ПАО Башинформсвязь, ГК №1001 (621 АвтоУраган),АвтоУраган,194352M254,194352M254, 125 , 69 , 54 , 57 , 29 , 120 , 308 , 466 , 595 , 668 , 836 , 961 ,,,,,,,,,,,,,4 288 
ПАО Башинформсвязь, ГК №1001 (621 АвтоУраган),АвтоУраган,194352M255,194352M255, 156 , 130 , 76 , 114 , 82 , 140 , 287 , 550 , 604 , 739 , 876 ,,,,,,,,,,,,,,3 754 
ПАО Башинформсвязь, ГК №1001 (621 АвтоУраган),АвтоУраган,194352M256,194352M256, 131 , 107 , 96 , 91 , 82 , 140 , 237 , 414 , 593 , 785 , 862 , 934 ,,,,,,,,,,,,,4 472 
ПАО Башинформсвязь, ГК №1001 (621 АвтоУраган),АвтоУраган,194352M257,194352M257, 74 , 53 , 57 , 56 , 55 , 57 , 89 , 215 , 279 , 376 , 389 , 488 ,,,,,,,,,,,,,2 188 
ПАО Башинформсвязь, ГК №1001 (621 АвтоУраган),АвтоУраган,194352M258,194352M258, 9 , 9 , 4 , 6 ,, 10 , 30 , 36 , 51 , 72 , 91 , 130 ,,,,,,,,,,,,, 448 
ПАО Башинформсвязь, ГК №1001 (621 АвтоУраган),АвтоУраган,194352M259,194352M259, 55 , 64 , 66 , 62 , 76 , 91 , 92 , 168 , 254 , 283 , 291 , 325 ,,,,,,,,,,,,,1 827 
ПАО Башинформсвязь, ГК №1001 (621 АвтоУраган),АвтоУраган,194352M260,194352M260, 111 , 86 , 65 , 56 , 42 , 52 , 69 , 223 , 318 , 384 , 458 , 490 ,,,,,,,,,,,,,2 354 
ПАО Башинформсвязь, ГК №1001 (621 АвтоУраган),АвтоУраган,194352M261,194352M261, 18 , 9 , 10 , 6 ,, 9 , 15 , 61 , 90 , 94 , 127 , 152 ,,,,,,,,,,,,, 591 
ПАО Башинформсвязь, ГК №1001 (621 АвтоУраган),АвтоУраган,194352M262,194352M262, 52 , 34 , 24 , 13 , 23 , 21 , 59 , 126 , 181 , 246 , 275 , 306 ,,,,,,,,,,,,,1 360 
ПАО Башинформсвязь, ГК №1001 (621 АвтоУраган),АвтоУраган,194352M263,194352M263, 43 , 34 , 24 , 10 , 9 , 11 , 12 , 64 , 255 , 416 , 534 , 566 ,,,,,,,,,,,,,1 978 
ПАО Башинформсвязь, ГК №1001 (621 АвтоУраган),АвтоУраган,194352M264,194352M264, 34 , 13 , 25 , 10 , 3 , 13 , 28 , 69 , 169 , 202 , 265 , 316 ,,,,,,,,,,,,,1 147 
ПАО Башинформсвязь, ГК №1001 (621 АвтоУраган),АвтоУраган,194352M265,194352M265, 23 , 7 , 14 , 7 , 2 , 5 , 15 , 41 , 58 , 48 , 80 , 91 ,,,,,,,,,,,,, 391 
ПАО Башинформсвязь, ГК №1001 (621 АвтоУраган),АвтоУраган,194352M267,194352M267, 13 , 9 , 11 ,, 3 , 2 , 14 , 23 , 32 , 39 , 43 , 62 ,,,,,,,,,,,,, 251 
ПАО Башинформсвязь, ГК №1001 (621 АвтоУраган),АвтоУраган,194352M268,194352M268, 7 , 6 , 5 ,, 1 , 1 , 11 , 28 , 31 , 52 , 63 , 65 ,,,,,,,,,,,,, 270 
ПАО Башинформсвязь, ГК №1001 (621 АвтоУраган),АвтоУраган,194352M269,194352M269, 75 , 41 , 27 , 21 , 22 , 22 , 45 , 74 , 162 , 273 , 351 , 385 ,,,,,,,,,,,,,1 498 
ПАО Башинформсвязь, ГК №1001 (621 АвтоУраган),АвтоУраган,194352M270,194352M270, 33 , 16 , 16 , 7 , 9 , 11 , 20 , 42 , 89 , 110 , 119 , 144 ,,,,,,,,,,,,, 616 
ПАО Башинформсвязь, ГК №1001 (621 АвтоУраган),АвтоУраган,194352M271,194352M271,,,,,,,,,,,, 308 ,,,,,,,,,,,,, 308 
ПАО Башинформсвязь, ГК №1001 (621 АвтоУраган),АвтоУраган,194352M272,194352M272, 11 , 8 , 11 ,, 3 , 3 , 13 , 25 , 25 , 35 , 46 , 62 ,,,,,,,,,,,,, 242 
ПАО Башинформсвязь, ГК №1001 (621 АвтоУраган),АвтоУраган,194352M273,194352M273, 11 , 6 , 5 , 3 , 5 , 8 ,,,,,,,,,,,,,,,,,,, 38 
ПАО Башинформсвязь, ГК №1001 (621 АвтоУраган),АвтоУраган,194352M274,194352M274, 105 , 75 , 65 , 43 , 32 , 36 , 153 , 279 , 350 , 463 , 534 , 605 ,,,,,,,,,,,,,2 740 
ПАО Башинформсвязь, ГК №1001 (621 АвтоУраган),АвтоУраган,194352M275,194352M275, 6 , 2 , 3 , 14 , 5 , 48 , 150 , 176 , 209 , 280 , 353 , 388 ,,,,,,,,,,,,,1 634 
ПАО Башинформсвязь, ГК №1001 (621 АвтоУраган),АвтоУраган,194352M276,194352M276, 33 , 26 , 15 , 7 , 6 , 15 , 48 , 103 , 201 , 313 , 415 , 455 ,,,,,,,,,,,,,1 637 
ПАО Башинформсвязь, ГК №1001 (621 АвтоУраган),АвтоУраган,194352M277,194352M277, 20 , 12 , 14 , 11 , 10 , 5 ,,,, 35 , 154 , 153 ,,,,,,,,,,,,, 414 
ПАО Башинформсвязь, ГК №1001 (621 АвтоУраган),АвтоУраган,194352M278,194352M278, 24 , 24 , 14 , 15 , 14 , 29 , 59 , 112 , 223 , 294 , 421 , 445 ,,,,,,,,,,,,,1 674 
ПАО Башинформсвязь, ГК №1001 (621 АвтоУраган),АвтоУраган,194352M279,194352M279, 18 , 11 , 5 , 7 , 4 , 13 , 24 , 54 , 75 , 127 , 166 , 203 ,,,,,,,,,,,,, 707 
ПАО Башинформсвязь, ГК №1001 (621 АвтоУраган),АвтоУраган,194352M280,194352M280, 48 , 33 , 31 , 16 , 14 , 33 , 73 , 118 , 181 , 269 , 322 , 415 ,,,,,,,,,,,,,1 553 
ПАО Башинформсвязь, ГК №1001 (621 АвтоУраган),АвтоУраган,194352M281,194352M281, 15 , 19 , 7 , 4 , 4 , 8 , 13 , 33 , 59 , 82 , 95 , 91 ,,,,,,,,,,,,, 430 
ПАО Башинформсвязь, ГК №1001 (621 АвтоУраган),АвтоУраган,194352M282,194352M282, 117 , 86 , 69 , 51 , 49 , 38 , 94 , 153 , 226 , 257 , 282 , 342 ,,,,,,,,,,,,,1 764 
ПАО Башинформсвязь, ГК №1001 (621 АвтоУраган),АвтоУраган,194352M283,194352M283, 86 , 52 , 50 , 45 , 32 , 21 , 28 , 135 , 210 , 211 , 238 , 278 ,,,,,,,,,,,,,1 386 
ПАО Башинформсвязь, ГК №1001 (621 АвтоУраган),АвтоУраган,194352M284,194352M284, 15 , 10 , 5 , 1 , 5 , 4 , 16 , 40 , 72 , 98 , 105 , 93 ,,,,,,,,,,,,, 464 
ПАО Башинформсвязь, ГК №1001 (621 АвтоУраган),АвтоУраган,194352M285,194352M285, 20 , 7 , 6 , 9 , 5 , 9 , 11 , 28 , 88 , 155 , 132 , 161 ,,,,,,,,,,,,, 631 
ПАО Башинформсвязь, ГК №1001 (621 АвтоУраган),АвтоУраган,194352M286,194352M286, 31 , 20 , 22 , 11 , 4 , 14 , 28 , 63 , 184 , 221 , 231 , 254 ,,,,,,,,,,,,,1 083 
ПАО Башинформсвязь, ГК №1001 (621 АвтоУраган),АвтоУраган,194352M287,194352M287, 28 , 12 , 8 , 6 , 8 , 7 , 13 , 33 ,,,,,,,,,,,,,,,,, 115 
ПАО Башинформсвязь, ГК №1001 (621 АвтоУраган),АвтоУраган,194352M288,194352M288, 12 , 8 , 1 , 3 , 1 , 6 , 7 , 18 , 30 , 70 , 69 , 83 ,,,,,,,,,,,,, 308 
ПАО Башинформсвязь, ГК №1001 (621 АвтоУраган),АвтоУраган,194352M289,194352M289, 42 , 39 , 20 , 13 , 25 , 25 , 44 , 96 , 134 , 217 , 229 , 240 ,,,,,,,,,,,,,1 124 
ПАО Башинформсвязь, ГК №1001 (621 АвтоУраган),АвтоУраган,194352M290,194352M290, 108 , 69 , 60 , 50 , 41 , 66 , 108 , 279 , 370 , 469 , 579 , 681 ,,,,,,,,,,,,,2 880 
ПАО Башинформсвязь, ГК №1001 (621 АвтоУраган),АвтоУраган,194352M291,194352M291, 57 , 31 , 27 , 28 , 29 , 27 , 60 , 121 , 170 , 202 , 232 , 247 ,,,,,,,,,,,,,1 231 
ПАО Башинформсвязь, ГК №1001 (621 АвтоУраган),АвтоУраган,194352M292,194352M292, 24 , 11 , 12 , 5 , 1 , 12 , 31 , 34 , 79 , 97 , 102 , 112 ,,,,,,,,,,,,, 520 
ПАО Башинформсвязь, ГК №1001 (621 АвтоУраган),АвтоУраган,194352M293,194352M293, 18 , 10 , 5 , 4 , 3 , 3 , 9 , 19 , 44 , 71 , 77 , 86 ,,,,,,,,,,,,, 349 
ПАО Башинформсвязь, ГК №1001 (621 АвтоУраган),АвтоУраган,194352M294,194352M294, 3 ,,,, 1 ,,,,, 84 , 226 , 221 ,,,,,,,,,,,,, 535 
ПАО Башинформсвязь, ГК №1001 (621 АвтоУраган),АвтоУраган,194352M295,194352M295, 214 , 140 , 119 , 91 , 86 , 190 , 278 , 423 , 553 , 610 , 665 , 761 ,,,,,,,,,,,,,4 130 
ПАО Башинформсвязь, ГК №1001 (621 АвтоУраган),АвтоУраган,194352M296,194352M296, 8 , 4 , 5 , 2 , 4 , 9 , 11 , 25 , 39 , 63 , 81 , 68 ,,,,,,,,,,,,, 319 
ПАО Башинформсвязь, ГК №1001 (621 АвтоУраган),АвтоУраган,194352M297,194352M297, 70 , 62 , 60 , 62 , 83 , 82 , 60 , 177 , 233 , 315 , 311 , 382 ,,,,,,,,,,,,,1 897 
ПАО Башинформсвязь, ГК №1001 (621 АвтоУраган),АвтоУраган,194352M298,194352M298, 46 , 22 , 11 , 16 , 9 , 41 , 112 , 156 , 179 , 244 , 331 , 365 ,,,,,,,,,,,,,1 532 
ПАО Башинформсвязь, ГК №1001 (621 АвтоУраган),АвтоУраган,194352M299,194352M299, 80 , 65 , 34 , 25 , 24 , 33 , 51 , 160 , 268 , 329 , 341 , 365 ,,,,,,,,,,,,,1 775 
ПАО Башинформсвязь, ГК №1001 (621 АвтоУраган),АвтоУраган,194352M300,194352M300, 13 , 4 , 3 , 5 , 6 , 9 , 10 , 15 , 23 , 66 , 103 , 113 ,,,,,,,,,,,,, 370 
ПАО Башинформсвязь, ГК №1001 (621 АвтоУраган),АвтоУраган,194352M301,194352M301, 103 , 116 , 82 , 70 , 44 , 48 , 6 , 108 , 237 , 296 , 315 , 352 ,,,,,,,,,,,,,1 777 
ПАО Башинформсвязь, ГК №1001 (621 АвтоУраган),АвтоУраган,194352M302,194352M302, 98 , 65 , 44 , 40 , 36 , 28 , 61 , 161 , 245 , 295 , 351 , 436 ,,,,,,,,,,,,,1 860 
ПАО Башинформсвязь, ГК №1001 (621 АвтоУраган),АвтоУраган,194352M303,194352M303, 226 , 162 , 130 , 119 , 100 , 162 , 304 , 476 , 656 , 696 , 837 , 850 ,,,,,,,,,,,,,4 718 
ПАО Башинформсвязь, ГК №1001 (621 АвтоУраган),АвтоУраган,194352M304,194352M304, 7 , 12 , 4 , 4 , 4 , 6 , 18 , 37 , 60 , 61 , 244 , 235 ,,,,,,,,,,,,, 692 
ПАО Башинформсвязь, ГК №1001 (621 АвтоУраган),АвтоУраган,194352M306,194352M306, 110 , 82 , 63 , 60 , 38 , 100 , 149 , 218 , 348 , 357 , 384 , 384 ,,,,,,,,,,,,,2 293 
ПАО Башинформсвязь, ГК №1001 (621 АвтоУраган),АвтоУраган,194352M307,194352M307, 46 , 30 , 12 , 11 , 16 , 13 , 31 , 104 , 166 , 265 , 287 , 387 ,,,,,,,,,,,,,1 368 
ПАО Башинформсвязь, ГК №1001 (621 АвтоУраган),АвтоУраган,194352M308,194352M308, 47 , 36 , 37 , 23 , 22 , 14 , 28 , 48 , 120 , 239 , 338 , 301 ,,,,,,,,,,,,,1 253 
ПАО Башинформсвязь, ГК №1001 (621 АвтоУраган),АвтоУраган,194352M309,194352M309, 80 , 63 , 54 , 56 , 56 , 90 , 176 , 243 , 253 , 296 , 393 , 372 ,,,,,,,,,,,,,2 132 
ПАО Башинформсвязь, ГК №1001 (621 АвтоУраган),АвтоУраган,194352M310,194352M310, 18 , 11 , 9 , 12 , 9 , 5 , 16 , 57 , 90 , 121 , 184 , 179 ,,,,,,,,,,,,, 711 
ПАО Башинформсвязь, ГК №1001 (621 АвтоУраган),АвтоУраган,194352M311,194352M311, 21 , 8 , 5 , 5 , 8 , 6 , 21 , 39 , 66 , 112 , 128 , 107 ,,,,,,,,,,,,, 526 
ПАО Башинформсвязь, ГК №1001 (621 АвтоУраган),АвтоУраган,194352M312,194352M312, 49 , 54 , 53 , 59 , 73 , 92 , 114 , 162 , 205 , 272 , 260 , 376 ,,,,,,,,,,,,,1 769 
ПАО Башинформсвязь, ГК №1001 (621 АвтоУраган),АвтоУраган,194352M313,194352M313, 80 , 51 , 39 , 19 , 13 , 25 , 52 , 122 , 189 , 251 , 319 , 391 ,,,,,,,,,,,,,1 551 
ПАО Башинформсвязь, ГК №1001 (621 АвтоУраган),АвтоУраган,194352M314,194352M314, 69 , 34 , 31 , 18 , 18 ,,,,,,,,,,,,,,,,,,,, 170 
ПАО Башинформсвязь, ГК №1001 (621 АвтоУраган),АвтоУраган,194352M315,194352M315, 107 , 78 , 55 , 44 , 65 , 42 , 40 , 293 , 312 , 474 , 584 , 725 ,,,,,,,,,,,,,2 819 
ПАО Башинформсвязь, ГК №1001 (621 АвтоУраган),АвтоУраган,194352M316,194352M316, 98 , 71 , 59 , 63 , 22 , 16 , 17 , 74 , 155 , 237 , 312 , 407 ,,,,,,,,,,,,,1 531 
ПАО Башинформсвязь, ГК №1001 (621 АвтоУраган),АвтоУраган,194352M317,194352M317, 40 , 22 , 19 , 20 , 14 , 12 , 27 , 85 , 97 , 120 , 146 , 141 ,,,,,,,,,,,,, 743 
ПАО Башинформсвязь, ГК №1001 (621 АвтоУраган),АвтоУраган,194352M318,194352M318, 9 , 2 , 5 , 2 , 4 , 8 , 7 , 10 , 13 , 42 , 71 , 63 ,,,,,,,,,,,,, 236 
ПАО Башинформсвязь, ГК №1001 (621 АвтоУраган),АвтоУраган,194352M319,194352M319, 47 , 47 , 32 , 30 , 22 , 38 , 64 , 91 , 118 , 119 , 161 , 161 ,,,,,,,,,,,,, 930 
ПАО Башинформсвязь, ГК №1001 (621 АвтоУраган),АвтоУраган,194352M320,194352M320, 43 , 26 , 29 , 26 , 20 , 31 , 66 , 105 , 130 , 160 , 195 , 192 ,,,,,,,,,,,,,1 023 
ПАО Башинформсвязь, ГК №1001 (621 АвтоУраган),АвтоУраган,194352M321,194352M321, 26 , 22 , 17 , 11 , 13 ,,,,,,,,,,,,,,,,,,,, 89 
ПАО Башинформсвязь, ГК №1001 (621 АвтоУраган),АвтоУраган,194352M322,194352M322, 79 , 39 , 36 , 19 , 19 , 23 , 43 , 97 , 166 , 242 , 400 , 421 ,,,,,,,,,,,,,1 584 
ПАО Башинформсвязь, ГК №1001 (621 АвтоУраган),АвтоУраган,194352M323,194352M323, 103 , 88 , 64 , 56 , 44 , 49 , 96 , 239 , 305 , 422 , 480 , 503 ,,,,,,,,,,,,,2 449 
ПАО Башинформсвязь, ГК №1001 (621 АвтоУраган),АвтоУраган,194352M324,194352M324, 85 , 57 , 51 , 45 , 30 , 41 , 46 , 213 , 242 , 234 , 304 , 374 ,,,,,,,,,,,,,1 722 
ПАО Башинформсвязь, ГК №1001 (621 АвтоУраган),АвтоУраган,194352M325,194352M325, 94 , 75 , 64 , 45 , 40 , 37 , 64 , 224 , 309 , 376 , 445 , 472 ,,,,,,,,,,,,,2 245 
ПАО Башинформсвязь, ГК №1001 (621 АвтоУраган),АвтоУраган,194352M326,194352M326, 5 , 5 , 3 , 5 ,, 3 , 7 , 15 , 23 , 8 , 34 , 130 ,,,,,,,,,,,,, 238 
ПАО Башинформсвязь, ГК №1001 (621 АвтоУраган),АвтоУраган,194352M327,194352M327, 37 , 25 , 15 , 12 , 13 , 10 , 15 , 49 , 83 , 115 , 126 , 128 ,,,,,,,,,,,,, 628 
ПАО Башинформсвязь, ГК №1001 (621 АвтоУраган),АвтоУраган,194352M328,194352M328, 51 , 36 , 23 , 49 , 15 , 13 , 15 , 68 , 197 , 303 , 356 , 409 ,,,,,,,,,,,,,1 535 
ПАО Башинформсвязь, ГК №1001 (621 АвтоУраган),АвтоУраган,194352M329,194352M329, 15 , 13 , 8 , 4 , 2 , 3 , 3 , 35 , 61 , 117 , 135 , 168 ,,,,,,,,,,,,, 564 
ПАО Башинформсвязь, ГК №1001 (621 АвтоУраган),АвтоУраган,194352M330,194352M330, 32 , 23 , 19 , 4 ,,,,, 11 , 99 , 82 , 106 ,,,,,,,,,,,,, 376 
ПАО Башинформсвязь, ГК №1001 (621 АвтоУраган),АвтоУраган,194352M331,194352M331, 113 , 126 , 141 , 92 , 78 , 64 , 72 , 211 , 286 , 313 , 360 , 340 ,,,,,,,,,,,,,2 196 
ПАО Башинформсвязь, ГК №1001 (621 АвтоУраган),АвтоУраган,194352M332,194352M332, 43 , 38 , 28 , 12 , 13 , 23 , 61 , 132 , 240 , 318 , 401 , 443 ,,,,,,,,,,,,,1 752 
ПАО Башинформсвязь, ГК №1001 (621 АвтоУраган),АвтоУраган,194352M334,194352M334, 57 , 45 , 28 , 21 , 29 , 15 , 31 , 54 , 129 , 226 , 214 , 264 ,,,,,,,,,,,,,1 113 
ПАО Башинформсвязь, ГК №1001 (621 АвтоУраган),АвтоУраган,194352M335,194352M335, 35 , 23 , 19 , 14 , 7 , 16 , 31 , 74 , 99 , 160 , 177 , 183 ,,,,,,,,,,,,, 838 
ПАО Башинформсвязь, ГК №1001 (621 АвтоУраган),АвтоУраган,194352M336,194352M336, 37 , 23 , 8 , 17 , 8 , 5 , 8 , 29 , 83 , 128 , 151 , 189 ,,,,,,,,,,,,, 686 
ПАО Башинформсвязь, ГК №1001 (621 АвтоУраган),АвтоУраган,194352M337,194352M337, 115 , 90 , 63 , 60 , 26 , 53 , 104 , 234 , 326 , 391 , 476 , 484 ,,,,,,,,,,,,,2 422 
ПАО Башинформсвязь, ГК №1001 (621 АвтоУраган),АвтоУраган,194352M338,194352M338, 57 , 53 , 31 , 20 , 21 , 39 , 63 , 164 , 250 , 276 , 350 , 441 ,,,,,,,,,,,,,1 765 
ПАО Башинформсвязь, ГК №1001 (621 АвтоУраган),АвтоУраган,194352M339,194352M339, 100 , 80 , 61 , 48 , 43 , 74 , 132 , 226 , 308 , 394 , 470 , 516 ,,,,,,,,,,,,,2 452 
ПАО Башинформсвязь, ГК №1001 (621 АвтоУраган),АвтоУраган,194352M340,194352M340, 107 , 77 , 62 , 66 , 50 ,,,,,,,,,,,,,,,,,,,, 362 
ПАО Башинформсвязь, ГК №1001 (621 АвтоУраган),АвтоУраган,194352M341,194352M341, 18 , 15 , 8 , 4 , 9 , 7 , 22 , 29 , 64 , 107 , 115 , 120 ,,,,,,,,,,,,, 518 
ПАО Башинформсвязь, ГК №1001 (621 АвтоУраган),АвтоУраган,194352M342,194352M342, 85 , 64 , 51 , 57 , 46 , 64 , 76 , 199 , 293 , 337 , 502 , 509 ,,,,,,,,,,,,,2 283 
ПАО Башинформсвязь, ГК №1001 (621 АвтоУраган),АвтоУраган,194352M343,194352M343, 59 , 43 , 40 , 28 , 18 , 23 , 53 , 160 , 202 , 245 , 312 , 347 ,,,,,,,,,,,,,1 530 
ПАО Башинформсвязь, ГК №1001 (621 АвтоУраган),АвтоУраган,194352M344,194352M344, 6 , 1 , 1 , 1 , 3 , 1 , 2 , 3 , 13 , 15 , 27 , 20 ,,,,,,,,,,,,, 93 
ПАО Башинформсвязь, ГК №1001 (621 АвтоУраган),АвтоУраган,194352M345,194352M345, 21 , 6 , 10 , 7 , 7 , 18 , 14 , 51 , 70 , 90 , 113 , 107 ,,,,,,,,,,,,, 514 
ПАО Башинформсвязь, ГК №1001 (621 АвтоУраган),АвтоУраган,194352M346,194352M346, 77 , 51 , 51 , 35 , 27 , 32 , 36 , 109 , 153 , 181 , 209 , 220 ,,,,,,,,,,,,,1 181 
ПАО Башинформсвязь, ГК №1001 (621 АвтоУраган),АвтоУраган,194352M347,194352M347, 53 , 49 , 31 , 25 , 15 , 5 , 14 , 70 , 133 , 205 , 275 , 278 ,,,,,,,,,,,,,1 153 
ПАО Башинформсвязь, ГК №1001 (621 АвтоУраган),АвтоУраган,194352M348,194352M348, 91 , 65 , 54 , 55 , 48 , 48 , 92 , 257 , 367 , 379 , 443 , 490 ,,,,,,,,,,,,,2 389 
ПАО Башинформсвязь, ГК №1001 (621 АвтоУраган),АвтоУраган,194352M349,194352M349, 121 , 78 , 67 , 60 , 43 , 61 , 122 , 217 , 311 , 357 , 454 , 455 ,,,,,,,,,,,,,2 346 
ПАО Башинформсвязь, ГК №1001 (621 АвтоУраган),АвтоУраган,194352M350,194352M350, 104 , 38 , 25 , 22 , 8 , 27 , 45 , 104 , 157 , 259 , 331 , 392 ,,,,,,,,,,,,,1 512 
ПАО Башинформсвязь, ГК №1001 (621 АвтоУраган),АвтоУраган,194352M351,194352M351, 138 , 92 , 59 , 47 , 31 , 35 , 76 , 179 , 184 , 237 , 331 , 404 ,,,,,,,,,,,,,1 813 
ПАО Башинформсвязь, ГК №1001 (621 АвтоУраган),АвтоУраган,194352M352,194352M352, 58 , 57 , 30 , 30 , 27 , 34 , 10 , 73 , 159 , 194 , 154 , 207 ,,,,,,,,,,,,,1 033 
ПАО Башинформсвязь, ГК №1001 (621 АвтоУраган),АвтоУраган,194352M353,194352M353, 22 , 16 , 11 , 9 , 16 , 1 , 9 , 47 , 66 , 101 , 137 , 119 ,,,,,,,,,,,,, 554 
ПАО Башинформсвязь, ГК №1001 (621 АвтоУраган),АвтоУраган,194352M354,194352M354, 61 , 46 , 33 , 32 , 22 , 2 , 9 , 21 , 157 , 179 , 233 , 262 ,,,,,,,,,,,,,1 057 
ПАО Башинформсвязь, ГК №1001 (621 АвтоУраган),АвтоУраган,194352M355,194352M355, 68 , 39 , 18 , 14 , 20 , 10 , 24 , 34 , 162 ,,,,,,,,,,,,,,,, 389 
ПАО Башинформсвязь, ГК №1001 (621 АвтоУраган),АвтоУраган,194352M356,194352M356, 101 , 79 , 65 , 47 , 41 , 46 , 106 , 198 , 288 , 381 , 436 , 475 ,,,,,,,,,,,,,2 263 
ПАО Башинформсвязь, ГК №1001 (621 АвтоУраган),АвтоУраган,194352M357,194352M357, 10 , 9 , 9 , 3 , 8 , 1 , 2 , 31 , 36 , 55 , 87 , 76 ,,,,,,,,,,,,, 327 
ПАО Башинформсвязь, ГК №1001 (621 АвтоУраган),АвтоУраган,194352M358,194352M358, 94 , 80 , 48 , 46 , 30 , 34 , 46 , 151 , 236 , 277 , 353 , 350 ,,,,,,,,,,,,,1 745 
ПАО Башинформсвязь, ГК №1001 (621 АвтоУраган),АвтоУраган,194352M359,194352M359, 41 , 34 , 17 , 18 , 17 , 10 , 17 , 108 , 188 , 202 , 234 , 317 ,,,,,,,,,,,,,1 203 
ПАО Башинформсвязь, ГК №1001 (621 АвтоУраган),АвтоУраган,194352M360,194352M360, 27 , 12 , 6 , 3 ,, 10 , 22 , 41 , 138 , 253 , 267 , 242 ,,,,,,,,,,,,,1 021 
ПАО Башинформсвязь, ГК №1001 (621 АвтоУраган),АвтоУраган,194352M361,194352M361,, 7 , 9 , 11 , 5 , 4 , 6 , 44 , 90 , 164 , 246 , 276 ,,,,,,,,,,,,, 862 
ПАО Башинформсвязь, ГК №1001 (621 АвтоУраган),АвтоУраган,194352M362,194352M362, 120 , 92 , 53 , 43 , 32 , 49 , 162 , 356 , 353 , 385 , 443 , 596 ,,,,,,,,,,,,,2 684 
ПАО Башинформсвязь, ГК №1001 (621 АвтоУраган),АвтоУраган,194352M363,194352M363, 143 , 121 , 87 , 88 , 60 , 88 ,,,,,,,,,,,,,,,,,,, 587 
ПАО Башинформсвязь, ГК №1001 (621 АвтоУраган),АвтоУраган,194352M364,194352M364, 35 , 32 , 20 , 22 , 11 , 6 , 14 , 46 , 90 , 109 , 126 , 197 ,,,,,,,,,,,,, 708 
ПАО Башинформсвязь, ГК №1001 (621 АвтоУраган),АвтоУраган,194352M365,194352M365, 26 , 18 , 26 , 20 , 17 , 24 , 31 , 74 , 76 , 103 , 126 , 139 ,,,,,,,,,,,,, 680 
ПАО Башинформсвязь, ГК №1001 (621 АвтоУраган),АвтоУраган,194352M366,194352M366, 5 , 3 , 2 , 6 , 3 , 3 , 3 , 16 , 42 , 52 , 85 , 65 ,,,,,,,,,,,,, 285 
ПАО Башинформсвязь, ГК №1001 (621 АвтоУраган),АвтоУраган,194352M367,194352M367, 28 , 18 , 13 , 8 , 8 , 10 , 14 , 42 , 61 , 101 , 123 , 141 ,,,,,,,,,,,,, 567 
ПАО Башинформсвязь, ГК №1001 (621 АвтоУраган),АвтоУраган,194352M368,194352M368, 75 , 57 , 36 , 35 , 23 , 31 , 45 , 62 , 148 , 182 , 226 , 280 ,,,,,,,,,,,,,1 200 
ПАО Башинформсвязь, ГК №1001 (621 АвтоУраган),АвтоУраган,194352M369,194352M369, 59 , 33 , 24 , 13 , 10 , 6 , 19 , 129 , 280 , 274 , 448 , 321 ,,,,,,,,,,,,,1 616 
ПАО Башинформсвязь, ГК №1001 (621 АвтоУраган),АвтоУраган,194352M370,194352M370, 14 , 9 , 7 , 6 , 4 , 2 , 3 , 5 , 23 , 37 , 45 , 34 ,,,,,,,,,,,,, 189 
ПАО Башинформсвязь, ГК №1001 (621 АвтоУраган),АвтоУраган,194352M371,194352M371, 18 , 15 , 12 , 18 , 13 , 9 , 14 , 12 , 45 , 85 , 99 , 62 ,,,,,,,,,,,,, 402 
ПАО Башинформсвязь, ГК №1001 (621 АвтоУраган),АвтоУраган,194352M372,194352M372, 59 , 38 , 33 , 23 , 23 , 2 , 9 , 17 , 119 , 174 , 256 , 274 ,,,,,,,,,,,,,1 027 
ПАО Башинформсвязь, ГК №1001 (621 АвтоУраган),АвтоУраган,194352M373,194352M373, 23 , 23 , 11 , 12 , 6 , 3 , 6 , 19 , 32 , 55 , 38 , 51 ,,,,,,,,,,,,, 279 
ПАО Башинформсвязь, ГК №1001 (621 АвтоУраган),АвтоУраган,194352M374,194352M374, 36 , 22 , 28 , 8 , 8 , 10 , 14 , 25 , 57 , 100 , 110 , 126 ,,,,,,,,,,,,, 544 
ПАО Башинформсвязь, ГК №1001 (621 АвтоУраган),АвтоУраган,194352M375,194352M375, 9 , 5 , 6 , 6 , 3 , 2 , 7 , 25 , 81 , 87 , 79 , 85 ,,,,,,,,,,,,, 395 
ПАО Башинформсвязь, ГК №1001 (621 АвтоУраган),АвтоУраган,194352M376,194352M376, 30 , 25 , 18 , 22 , 15 , 15 , 5 , 26 , 61 , 115 , 137 , 136 ,,,,,,,,,,,,, 605 
ПАО Башинформсвязь, ГК №1001 (621 АвтоУраган),АвтоУраган,194352M377,194352M377, 76 , 55 , 29 , 24 , 27 , 25 , 29 , 135 , 201 , 249 , 304 , 393 ,,,,,,,,,,,,,1 547 
ПАО Башинформсвязь, ГК №1001 (621 АвтоУраган),АвтоУраган,194352M378,194352M378, 65 , 36 , 14 , 11 , 7 , 9 , 19 , 54 , 236 , 438 , 648 , 583 ,,,,,,,,,,,,,2 120 
ПАО Башинформсвязь, ГК №1001 (621 АвтоУраган),АвтоУраган,194352M379,194352M379, 36 , 23 , 25 , 12 , 13 , 12 , 18 , 48 , 89 , 143 , 133 , 128 ,,,,,,,,,,,,, 680 
ПАО Башинформсвязь, ГК №1001 (621 АвтоУраган),АвтоУраган,194352M380,194352M380, 26 , 16 , 4 , 11 , 9 , 15 , 24 , 54 , 112 , 115 ,,,,,,,,,,,,,,, 386 
ПАО Башинформсвязь, ГК №1001 (621 АвтоУраган),АвтоУраган,194352M381,194352M381, 52 , 37 , 26 , 24 , 17 , 11 , 16 , 46 , 110 , 179 , 158 , 202 ,,,,,,,,,,,,, 878 
ПАО Башинформсвязь, ГК №1001 (621 АвтоУраган),АвтоУраган,194352M382,194352M382, 32 , 31 , 19 , 17 , 17 , 14 , 36 , 88 , 124 , 187 , 231 , 230 ,,,,,,,,,,,,,1 026 
ПАО Башинформсвязь, ГК №1001 (621 АвтоУраган),АвтоУраган,194352M383,194352M383, 20 , 9 , 5 , 3 , 7 , 2 , 3 , 21 , 125 , 106 , 134 , 143 ,,,,,,,,,,,,, 578 
ПАО Башинформсвязь, ГК №1001 (621 АвтоУраган),АвтоУраган,194352M385,194352M385, 73 , 48 , 22 , 28 , 18 , 26 , 31 , 87 , 159 , 261 , 390 , 450 ,,,,,,,,,,,,,1 593 
ПАО Башинформсвязь, ГК №1001 (621 АвтоУраган),АвтоУраган,194352M386,194352M386, 65 , 48 , 35 , 18 , 19 , 7 , 18 , 38 , 123 , 227 , 329 , 307 ,,,,,,,,,,,,,1 234 
ПАО Башинформсвязь, ГК №1001 (621 АвтоУраган),АвтоУраган,194352M387,194352M387, 47 , 32 , 21 , 18 , 11 , 21 , 42 , 90 , 118 , 111 , 114 , 166 ,,,,,,,,,,,,, 791 
ПАО Башинформсвязь, ГК №1001 (621 АвтоУраган),АвтоУраган,194352M388,194352M388, 11 , 8 , 5 , 9 , 7 , 5 , 8 , 26 , 58 , 99 , 113 , 112 ,,,,,,,,,,,,, 461 
ПАО Башинформсвязь, ГК №1001 (621 АвтоУраган),АвтоУраган,194352M389,194352M389, 27 , 20 , 12 , 8 , 8 , 14 , 17 , 46 , 93 , 110 , 155 , 159 ,,,,,,,,,,,,, 669 
ПАО Башинформсвязь, ГК №1001 (621 АвтоУраган),АвтоУраган,194352M390,194352M390, 98 , 53 , 44 , 33 , 19 , 45 , 104 , 303 , 406 , 534 , 668 , 879 ,,,,,,,,,,,,,3 186 
ПАО Башинформсвязь, ГК №1001 (621 АвтоУраган),АвтоУраган,194352M391,194352M391, 41 , 30 , 25 , 23 , 30 , 8 , 31 , 87 , 125 , 150 , 183 , 203 ,,,,,,,,,,,,, 936 
ПАО Башинформсвязь, ГК №1001 (621 АвтоУраган),АвтоУраган,194352M392,194352M392, 90 , 69 , 59 , 47 , 20 , 31 , 30 , 90 , 168 , 176 , 220 , 219 ,,,,,,,,,,,,,1 219 
ПАО Башинформсвязь, ГК №1001 (621 АвтоУраган),АвтоУраган,194352M393,194352M393, 112 , 82 , 51 , 40 , 61 , 18 , 48 , 156 , 260 , 335 , 418 , 420 ,,,,,,,,,,,,,2 001 
ПАО Башинформсвязь, ГК №1001 (621 АвтоУраган),АвтоУраган,194352M394,194352M394, 134 , 95 , 102 , 101 , 82 , 174 , 294 , 496 , 685 , 813 , 925 , 885 ,,,,,,,,,,,,,4 786 
ПАО Башинформсвязь, ГК №1001 (621 АвтоУраган),АвтоУраган,194352M395,194352M395, 24 , 11 , 12 , 14 , 9 , 9 , 18 , 21 , 48 , 66 , 77 , 66 ,,,,,,,,,,,,, 375 
ПАО Башинформсвязь, ГК №1001 (621 АвтоУраган),АвтоУраган,194352M396,194352M396, 92 , 62 , 53 , 33 , 32 , 47 , 122 , 307 , 331 , 423 , 481 , 589 ,,,,,,,,,,,,,2 572 
ПАО Башинформсвязь, ГК №1001 (621 АвтоУраган),АвтоУраган,194352M397,194352M397, 94 , 69 , 62 , 39 , 44 , 43 , 28 , 160 , 254 , 346 ,,,,,,,,,,,,,,,1 139 
ПАО Башинформсвязь, ГК №1001 (621 АвтоУраган),АвтоУраган,194352M398,194352M398, 72 , 62 , 39 , 27 , 37 , 61 , 100 , 164 , 173 , 207 , 244 , 366 ,,,,,,,,,,,,,1 552 
ПАО Башинформсвязь, ГК №1001 (621 АвтоУраган),АвтоУраган,194352M399,194352M399, 137 , 94 , 71 , 40 , 28 , 48 , 155 , 358 , 430 , 559 , 658 , 784 ,,,,,,,,,,,,,3 362 
ПАО Башинформсвязь, ГК №1001 (621 АвтоУраган),АвтоУраган,194352M400,194352M400, 173 , 91 , 67 , 73 , 42 , 101 , 201 , 368 , 505 , 685 , 859 ,1 047 ,,,,,,,,,,,,,4 212 
ПАО Башинформсвязь, ГК №1001 (621 АвтоУраган),АвтоУраган,194352M401,194352M401, 64 , 156 , 79 , 62 , 114 , 316 , 557 , 880 ,1 004 ,1 199 ,1 169 ,1 520 ,,,,,,,,,,,,,7 120 
ПАО Башинформсвязь, ГК №1001 (621 АвтоУраган),АвтоУраган,194352M402,194352M402, 10 , 8 ,,, 3 , 6 , 5 , 13 , 26 , 49 , 38 , 51 ,,,,,,,,,,,,, 209 
ПАО Башинформсвязь, ГК №1001 (621 АвтоУраган),АвтоУраган,194352M403,194352M403, 9 , 5 , 3 , 5 , 5 , 9 , 19 , 73 , 97 , 112 , 164 , 156 ,,,,,,,,,,,,, 657 
ПАО Башинформсвязь, ГК №1001 (621 АвтоУраган),АвтоУраган,194352M404,194352M404, 146 , 108 , 66 , 54 , 24 , 64 , 56 , 226 , 329 , 514 , 681 , 858 ,,,,,,,,,,,,,3 126 
ПАО Башинформсвязь, ГК №1001 (621 АвтоУраган),АвтоУраган,194352M405,194352M405, 62 , 71 , 46 , 35 , 38 , 19 , 37 , 90 , 200 , 323 , 375 , 352 ,,,,,,,,,,,,,1 648 
ПАО Башинформсвязь, ГК №1001 (621 АвтоУраган),АвтоУраган,194352M406,194352M406, 110 , 87 , 60 , 56 , 31 , 39 , 122 , 246 , 352 , 411 , 551 , 602 ,,,,,,,,,,,,,2 667 
ПАО Башинформсвязь, ГК №1001 (621 АвтоУраган),АвтоУраган,194352M407,194352M407, 103 , 81 , 71 , 54 , 55 , 77 , 149 , 241 , 295 , 350 , 388 , 393 ,,,,,,,,,,,,,2 257 
ПАО Башинформсвязь, ГК №1001 (621 АвтоУраган),АвтоУраган,194352M408,194352M408, 188 , 165 , 159 , 107 , 101 , 136 , 239 , 362 , 503 , 506 , 627 , 642 ,,,,,,,,,,,,,3 735 
ПАО Башинформсвязь, ГК №1001 (621 АвтоУраган),АвтоУраган,194352M409,194352M409, 121 , 60 , 40 , 35 , 10 ,, 27 , 177 , 271 , 424 , 438 , 541 ,,,,,,,,,,,,,2 144 
ПАО Башинформсвязь, ГК №1001 (621 АвтоУраган),АвтоУраган,194352M410,194352M410, 79 , 55 , 48 , 30 , 17 , 44 , 47 , 209 , 382 , 623 , 790 , 895 ,,,,,,,,,,,,,3 219 
ПАО Башинформсвязь, ГК №1001 (621 АвтоУраган),АвтоУраган,194352M411,194352M411, 25 , 23 , 13 , 16 , 25 , 36 , 38 , 91 , 79 , 125 , 133 , 140 ,,,,,,,,,,,,, 744 
ПАО Башинформсвязь, ГК №1001 (621 АвтоУраган),АвтоУраган,194352M412,194352M412, 42 , 22 , 18 , 9 , 7 , 6 , 14 , 66 , 133 , 182 , 166 , 233 ,,,,,,,,,,,,, 898 
ПАО Башинформсвязь, ГК №1001 (621 АвтоУраган),АвтоУраган,194352M413,194352M413, 53 , 30 , 85 , 67 , 25 , 12 , 16 , 215 , 387 , 469 , 495 , 490 ,,,,,,,,,,,,,2 344 
ПАО Башинформсвязь, ГК №1001 (621 АвтоУраган),АвтоУраган,194352M414,194352M414, 50 , 31 , 14 , 16 , 11 , 14 , 15 , 102 , 129 , 144 , 179 , 199 ,,,,,,,,,,,,, 904 
ПАО Башинформсвязь, ГК №1001 (621 АвтоУраган),АвтоУраган,194352M415,194352M415, 36 , 34 , 16 , 16 , 7 , 10 , 51 , 105 , 218 , 292 , 360 , 374 ,,,,,,,,,,,,,1 519 
ПАО Башинформсвязь, ГК №1001 (621 АвтоУраган),АвтоУраган,194352M416,194352M416, 237 , 174 , 119 , 125 , 87 , 123 , 230 , 322 , 407 , 462 , 526 , 490 ,,,,,,,,,,,,,3 302 
ПАО Башинформсвязь, ГК №1001 (621 АвтоУраган),АвтоУраган,194352M417,194352M417, 36 , 15 , 9 , 4 , 14 , 12 , 21 , 42 , 102 , 164 , 194 , 195 ,,,,,,,,,,,,, 808 
ПАО Башинформсвязь, ГК №1001 (621 АвтоУраган),АвтоУраган,194352M418,194352M418, 40 , 18 , 12 , 17 , 11 , 26 , 29 , 57 , 109 , 141 , 151 , 158 ,,,,,,,,,,,,, 769 
ПАО Башинформсвязь, ГК №1001 (621 АвтоУраган),АвтоУраган,194352M420,194352M420, 19 , 11 , 12 , 3 , 5 , 10 , 12 , 27 , 95 , 134 , 190 , 219 ,,,,,,,,,,,,, 737 
ПАО Башинформсвязь, ГК №1001 (621 АвтоУраган),АвтоУраган,194352M421,194352M421, 77 , 68 , 48 , 47 , 23 , 38 , 72 , 150 , 192 , 250 , 266 , 290 ,,,,,,,,,,,,,1 521 
ПАО Башинформсвязь, ГК №1001 (621 АвтоУраган),АвтоУраган,194352M423,194352M423, 4 , 1 ,,, 3 , 6 , 8 , 39 , 49 , 44 , 60 , 59 ,,,,,,,,,,,,, 273 
ПАО Башинформсвязь, ГК №1001 (621 АвтоУраган),АвтоУраган,194352M424,194352M424, 79 , 50 , 47 , 50 , 33 , 36 , 47 , 117 , 207 , 144 , 98 , 140 ,,,,,,,,,,,,,1 048 
ПАО Башинформсвязь, ГК №1001 (621 АвтоУраган),АвтоУраган,194352M425,194352M425, 90 , 45 , 45 , 41 , 41 , 70 , 111 , 279 , 412 , 545 , 720 , 808 ,,,,,,,,,,,,,3 207 
ПАО Башинформсвязь, ГК №1001 (621 АвтоУраган),АвтоУраган,194352M426,194352M426, 124 , 87 , 107 , 98 , 67 , 170 , 346 , 504 , 677 , 789 , 898 , 913 ,,,,,,,,,,,,,4 780 
ПАО Башинформсвязь, ГК №1001 (621 АвтоУраган),АвтоУраган,194352M427,194352M427, 17 , 18 , 9 , 4 , 6 , 11 , 17 , 28 , 44 , 65 , 78 , 79 ,,,,,,,,,,,,, 376 
ПАО Башинформсвязь, ГК №1001 (621 АвтоУраган),АвтоУраган,194352M428,194352M428, 345 , 249 , 198 , 294 , 162 , 451 , 524 , 866 , 991 ,1 441 ,1 768 ,2 078 ,,,,,,,,,,,,,9 367 
ПАО Башинформсвязь, ГК №1001 (621 АвтоУраган),АвтоУраган,194352M429,194352M429, 36 , 25 , 21 , 19 , 18 , 36 , 39 , 96 , 135 , 138 , 189 , 192 ,,,,,,,,,,,,, 944 
ПАО Башинформсвязь, ГК №1001 (621 АвтоУраган),АвтоУраган,194352M430,194352M430, 36 , 32 , 25 , 25 , 20 , 24 , 65 , 112 , 164 , 155 , 190 , 193 ,,,,,,,,,,,,,1 041 
ПАО Башинформсвязь, ГК №1001 (621 АвтоУраган),АвтоУраган,194352M431,194352M431, 12 , 13 , 8 , 6 , 4 , 7 , 7 , 8 , 30 , 60 , 65 , 13 ,,,,,,,,,,,,, 233 
ПАО Башинформсвязь, ГК №1001 (621 АвтоУраган),АвтоУраган,194352M432,194352M432, 42 , 43 , 22 , 32 , 9 , 32 , 57 , 85 , 116 , 140 , 128 , 161 ,,,,,,,,,,,,, 867 
ПАО Башинформсвязь, ГК №1001 (621 АвтоУраган),АвтоУраган,194352M433,194352M433, 183 , 132 , 81 , 81 , 92 , 149 , 213 , 480 , 703 ,1 030 ,1 242 ,1 506 ,,,,,,,,,,,,,5 892 
ПАО Башинформсвязь, ГК №1001 (621 АвтоУраган),АвтоУраган,194352M434,194352M434, 8 , 6 , 4 , 2 , 4 , 11 , 17 , 28 , 48 , 67 , 74 , 98 ,,,,,,,,,,,,, 367 
ПАО Башинформсвязь, ГК №1001 (621 АвтоУраган),АвтоУраган,194352M435,194352M435,,,,,,,,,,, 525 ,,,,,,,,,,,,,, 525 
ПАО Башинформсвязь, ГК №1001 (621 АвтоУраган),АвтоУраган,194352M436,194352M436, 45 , 44 , 22 , 24 , 15 , 16 , 32 , 97 , 264 , 361 , 458 , 480 ,,,,,,,,,,,,,1 858 
ПАО Башинформсвязь, ГК №1001 (621 АвтоУраган),АвтоУраган,194352M437,194352M437, 71 , 58 , 35 , 33 , 18 , 19 , 45 , 100 , 243 , 339 , 484 , 541 ,,,,,,,,,,,,,1 986 
ПАО Башинформсвязь, ГК №1001 (621 АвтоУраган),АвтоУраган,194352M438,194352M438, 11 , 6 ,, 6 , 5 , 11 , 18 , 50 , 77 , 103 , 119 , 141 ,,,,,,,,,,,,, 547 
ПАО Башинформсвязь, ГК №1001 (621 АвтоУраган),АвтоУраган,194352M439,194352M439, 113 , 83 , 65 , 38 , 41 , 103 , 140 , 257 , 272 , 390 , 422 , 482 ,,,,,,,,,,,,,2 406 
ПАО Башинформсвязь, ГК №1001 (621 АвтоУраган),АвтоУраган,194352M440,194352M440, 115 , 81 , 47 , 46 , 69 , 102 , 162 , 442 , 498 , 567 , 714 , 742 ,,,,,,,,,,,,,3 585 
ПАО Башинформсвязь, ГК №1001 (621 АвтоУраган),АвтоУраган,194352M441,194352M441, 117 , 77 , 60 , 56 , 26 , 86 , 122 , 250 , 352 , 407 , 589 , 639 ,,,,,,,,,,,,,2 781 
ПАО Башинформсвязь, ГК №1001 (621 АвтоУраган),АвтоУраган,194352M442,194352M442, 193 , 113 , 127 , 107 , 30 , 99 , 214 , 466 , 530 , 648 , 729 , 824 ,,,,,,,,,,,,,4 080 
ПАО Башинформсвязь, ГК №1001 (621 АвтоУраган),АвтоУраган,194352M443,194352M443, 20 , 18 , 11 , 5 , 1 , 7 , 9 , 20 , 73 , 101 , 102 , 107 ,,,,,,,,,,,,, 474 
ПАО Башинформсвязь, ГК №1001 (621 АвтоУраган),АвтоУраган,194352M444,194352M444, 23 , 21 , 5 , 11 , 4 , 21 , 38 , 61 , 85 , 161 , 211 , 228 ,,,,,,,,,,,,, 869 
ПАО Башинформсвязь, ГК №1001 (621 АвтоУраган),АвтоУраган,194352M445,194352M445, 16 , 5 , 2 , 3 , 1 , 4 , 13 , 22 , 57 , 98 , 111 , 118 ,,,,,,,,,,,,, 450 
ПАО Башинформсвязь, ГК №1001 (621 АвтоУраган),АвтоУраган,194352M446,194352M446, 51 , 23 , 27 , 25 , 16 , 23 , 33 , 110 , 216 , 243 , 306 , 344 ,,,,,,,,,,,,,1 417 
ПАО Башинформсвязь, ГК №1001 (621 АвтоУраган),АвтоУраган,194352M447,194352M447, 109 , 89 , 97 , 54 , 55 , 48 , 109 , 186 , 287 , 302 , 355 , 342 ,,,,,,,,,,,,,2 033 
ПАО Башинформсвязь, ГК №1001 (621 АвтоУраган),АвтоУраган,194352M448,194352M448, 22 , 11 , 6 , 5 , 8 , 17 ,,,,,,,,,,,,,,,,,,, 69 
ПАО Башинформсвязь, ГК №1001 (621 АвтоУраган),АвтоУраган,194352M449,194352M449, 36 , 20 , 16 , 10 , 8 , 11 , 39 , 54 , 112 , 115 , 173 , 187 ,,,,,,,,,,,,, 781 
ПАО Башинформсвязь, ГК №1001 (621 АвтоУраган),АвтоУраган,194352M450,194352M450, 16 , 14 , 3 , 3 , 4 ,, 3 , 13 , 36 , 59 , 83 , 85 ,,,,,,,,,,,,, 319 
ПАО Башинформсвязь, ГК №1001 (621 АвтоУраган),АвтоУраган,194352M451,194352M451, 38 , 25 , 27 , 25 , 16 , 17 , 71 , 114 , 151 , 189 , 198 , 216 ,,,,,,,,,,,,,1 087 
ПАО Башинформсвязь, ГК №1001 (621 АвтоУраган),АвтоУраган,194352M452,194352M452, 1 , 1 , 1 , 1 , 3 , 5 , 13 , 17 , 36 , 29 , 32 , 32 ,,,,,,,,,,,,, 171 
ПАО Башинформсвязь, ГК №1001 (621 АвтоУраган),АвтоУраган,194352M453,194352M453, 15 , 15 , 7 , 5 , 3 , 8 , 27 , 59 , 114 , 129 , 105 , 142 ,,,,,,,,,,,,, 629 
ПАО Башинформсвязь, ГК №1001 (621 АвтоУраган),АвтоУраган,194352M454,194352M454, 152 , 81 , 69 , 65 , 79 , 105 , 179 , 327 , 424 , 568 , 670 , 792 ,,,,,,,,,,,,,3 511 
ПАО Башинформсвязь, ГК №1001 (621 АвтоУраган),АвтоУраган,194352M455,194352M455, 26 , 10 , 6 , 7 , 1 , 9 , 17 , 37 , 60 , 86 , 92 , 129 ,,,,,,,,,,,,, 480 
ПАО Башинформсвязь, ГК №1001 (621 АвтоУраган),АвтоУраган,194352M456,194352M456, 67 , 45 , 34 , 34 , 17 , 40 , 29 , 153 , 233 , 196 , 290 , 301 ,,,,,,,,,,,,,1 439 
ПАО Башинформсвязь, ГК №1001 (621 АвтоУраган),АвтоУраган,194352M457,194352M457, 110 , 100 , 68 , 74 , 61 , 89 , 104 , 194 , 271 , 282 , 307 , 348 ,,,,,,,,,,,,,2 008 
ПАО Башинформсвязь, ГК №1001 (621 АвтоУраган),АвтоУраган,194352M458,194352M458, 3 , 1 ,, 1 , 2 , 3 , 7 , 32 , 137 , 173 , 235 , 258 ,,,,,,,,,,,,, 852 
ПАО Башинформсвязь, ГК №1001 (621 АвтоУраган),АвтоУраган,194352M459,194352M459, 6 , 3 , 3 ,, 2 , 8 , 17 , 17 , 105 , 159 , 194 , 176 ,,,,,,,,,,,,, 690 
ПАО Башинформсвязь, ГК №1001 (621 АвтоУраган),АвтоУраган,194352M460,194352M460, 18 , 18 , 11 , 5 , 3 , 9 , 12 , 33 , 77 , 125 , 149 , 144 ,,,,,,,,,,,,, 604 
ПАО Башинформсвязь, ГК №1001 (621 АвтоУраган),АвтоУраган,194352M461,194352M461, 45 , 35 , 30 , 15 , 19 , 31 , 52 , 114 , 145 , 197 , 234 ,,,,,,,,,,,,,, 917 
ПАО Башинформсвязь, ГК №1001 (621 АвтоУраган),АвтоУраган,194352M462,194352M462, 77 , 44 , 33 , 55 , 20 , 53 , 84 , 133 , 147 , 205 , 209 , 234 ,,,,,,,,,,,,,1 294 
ПАО Башинформсвязь, ГК №1001 (621 АвтоУраган),АвтоУраган,194352M463,194352M463, 22 , 6 , 5 , 6 , 4 , 3 , 6 , 21 , 43 , 60 , 43 , 50 ,,,,,,,,,,,,, 269 
ПАО Башинформсвязь, ГК №1001 (621 АвтоУраган),АвтоУраган,194352M464,194352M464, 97 , 97 , 108 , 56 , 64 , 26 , 87 , 166 , 268 , 293 , 324 , 312 ,,,,,,,,,,,,,1 898 
ПАО Башинформсвязь, ГК №1001 (621 АвтоУраган),АвтоУраган,194352M465,194352M465, 64 , 45 , 38 , 41 , 37 , 43 , 59 , 113 , 168 , 177 , 184 , 247 ,,,,,,,,,,,,,1 216 
ПАО Башинформсвязь, ГК №1001 (621 АвтоУраган),АвтоУраган,194352M466,194352M466, 31 , 25 , 13 , 15 , 11 , 7 ,,,, 112 , 192 , 183 ,,,,,,,,,,,,, 589 
ПАО Башинформсвязь, ГК №1001 (621 АвтоУраган),АвтоУраган,194352M467,194352M467, 47 , 36 , 25 , 25 , 19 , 42 , 62 , 134 , 200 , 288 , 315 , 361 ,,,,,,,,,,,,,1 554 
ПАО Башинформсвязь, ГК №1001 (621 АвтоУраган),АвтоУраган,194352M468,194352M468, 40 , 29 , 28 , 15 , 15 , 25 , 44 , 87 , 138 , 168 , 211 , 223 ,,,,,,,,,,,,,1 023 
ПАО Башинформсвязь, ГК №1001 (621 АвтоУраган),АвтоУраган,194352M469,194352M469, 35 , 24 , 21 , 19 , 10 , 26 , 46 , 88 , 110 , 158 , 203 , 210 ,,,,,,,,,,,,, 950 
ПАО Башинформсвязь, ГК №1001 (621 АвтоУраган),АвтоУраган,194352M470,194352M470, 196 , 144 , 131 , 115 , 104 , 161 , 318 , 473 , 627 , 773 , 852 , 862 ,,,,,,,,,,,,,4 756 
ПАО Башинформсвязь, ГК №1001 (621 АвтоУраган),АвтоУраган,194352M471,194352M471, 44 , 31 , 23 , 12 , 20 , 22 , 42 , 82 , 144 , 200 , 219 , 246 ,,,,,,,,,,,,,1 085 
ПАО Башинформсвязь, ГК №1001 (621 АвтоУраган),АвтоУраган,194352M472,194352M472, 27 , 11 , 10 , 4 , 12 , 14 , 27 , 63 , 105 , 151 , 201 , 224 ,,,,,,,,,,,,, 849 
ПАО Башинформсвязь, ГК №1001 (621 АвтоУраган),АвтоУраган,194352M473,194352M473, 35 , 19 , 20 , 11 , 8 , 14 , 16 , 43 , 77 , 99 , 113 , 128 ,,,,,,,,,,,,, 583 
ПАО Башинформсвязь, ГК №1001 (621 АвтоУраган),АвтоУраган,194352M474,194352M474, 46 , 28 , 27 , 27 , 3 , 26 , 50 , 154 , 201 , 319 , 461 , 540 ,,,,,,,,,,,,,1 882 
ПАО Башинформсвязь, ГК №1001 (621 АвтоУраган),АвтоУраган,194352M476,194352M476, 28 , 17 , 10 , 10 , 9 , 3 , 30 , 53 , 89 , 122 , 163 , 187 ,,,,,,,,,,,,, 721 
ПАО Башинформсвязь, ГК №1001 (621 АвтоУраган),АвтоУраган,194352M477,194352M477, 143 , 113 , 93 , 89 , 59 , 78 , 158 , 275 , 484 , 484 , 552 , 597 ,,,,,,,,,,,,,3 125 
ПАО Башинформсвязь, ГК №1001 (621 АвтоУраган),АвтоУраган,194352M478,194352M478, 93 , 68 , 46 , 42 , 37 , 69 , 134 , 286 , 392 , 473 , 465 , 525 ,,,,,,,,,,,,,2 630 
ПАО Башинформсвязь, ГК №1001 (621 АвтоУраган),АвтоУраган,194352M479,194352M479, 46 , 27 , 23 , 21 , 39 , 42 , 62 , 89 , 130 , 143 , 182 , 183 ,,,,,,,,,,,,, 987 
ПАО Башинформсвязь, ГК №1001 (621 АвтоУраган),АвтоУраган,194352M480,194352M480, 30 , 11 , 12 , 7 , 7 , 15 , 21 , 37 , 91 , 133 , 152 , 184 ,,,,,,,,,,,,, 700 
ПАО Башинформсвязь, ГК №1001 (621 АвтоУраган),АвтоУраган,194352M481,194352M481, 15 , 14 , 9 , 8 , 3 , 1 , 12 , 11 , 56 , 94 , 119 , 125 ,,,,,,,,,,,,, 467 
ПАО Башинформсвязь, ГК №1001 (621 АвтоУраган),АвтоУраган,194352M482,194352M482, 20 , 15 , 14 , 8 , 12 , 17 , 30 , 64 , 98 , 124 , 171 , 191 ,,,,,,,,,,,,, 764 
ПАО Башинформсвязь, ГК №1001 (621 АвтоУраган),АвтоУраган,194352M483,194352M483, 96 , 70 , 43 , 48 , 42 , 89 , 111 , 196 , 316 , 417 , 548 , 602 ,,,,,,,,,,,,,2 578 
ПАО Башинформсвязь, ГК №1001 (621 АвтоУраган),АвтоУраган,194352M484,194352M484, 12 , 11 , 6 , 2 , 6 , 21 , 13 , 36 , 180 , 204 , 197 , 209 ,,,,,,,,,,,,, 897 
ПАО Башинформсвязь, ГК №1001 (621 АвтоУраган),АвтоУраган,194352M485,194352M485, 16 , 24 , 10 , 11 , 6 , 8 , 21 , 46 , 176 , 210 , 255 , 289 ,,,,,,,,,,,,,1 072 
ПАО Башинформсвязь, ГК №1001 (621 АвтоУраган),АвтоУраган,194352M486,194352M486, 82 , 42 , 48 , 34 , 34 , 65 , 108 , 249 , 359 , 491 , 662 , 780 ,,,,,,,,,,,,,2 954 
ПАО Башинформсвязь, ГК №1001 (621 АвтоУраган),АвтоУраган,194352M487,194352M487, 17 , 5 ,,, 3 , 2 , 9 , 14 , 18 , 33 , 33 , 33 ,,,,,,,,,,,,, 167 
ПАО Башинформсвязь, ГК №1001 (621 АвтоУраган),АвтоУраган,194352M488,194352M488, 176 , 115 , 96 , 87 , 150 , 178 ,,,,,,,,,,,,,,,,,,, 802 
ПАО Башинформсвязь, ГК №1001 (621 АвтоУраган),АвтоУраган,194352M489,194352M489, 50 , 31 , 15 , 16 , 10 , 17 , 22 , 124 , 185 , 264 , 247 , 283 ,,,,,,,,,,,,,1 264 
ПАО Башинформсвязь, ГК №1001 (621 АвтоУраган),АвтоУраган,194352M490,194352M490, 19 , 16 , 6 , 14 , 20 , 13 , 37 , 79 , 144 , 233 , 278 , 301 ,,,,,,,,,,,,,1 160 
ПАО Башинформсвязь, ГК №1001 (621 АвтоУраган),АвтоУраган,194352M491,194352M491, 76 , 60 , 62 , 70 , 60 , 52 , 88 , 230 , 302 , 370 , 399 , 525 ,,,,,,,,,,,,,2 294 
ПАО Башинформсвязь, ГК №1001 (621 АвтоУраган),АвтоУраган,194352M492,194352M492, 20 , 17 , 9 , 8 , 8 , 9 , 27 , 42 , 58 , 111 , 119 , 119 ,,,,,,,,,,,,, 547 
ПАО Башинформсвязь, ГК №1001 (621 АвтоУраган),АвтоУраган,194352M493,194352M493, 34 , 31 , 15 , 13 , 5 , 16 , 24 , 58 , 92 , 119 , 178 , 232 ,,,,,,,,,,,,, 817 
ПАО Башинформсвязь, ГК №1001 (621 АвтоУраган),АвтоУраган,194352M494,194352M494, 131 , 75 , 59 , 37 , 25 , 47 , 75 , 221 , 312 , 324 , 397 , 476 ,,,,,,,,,,,,,2 179 
ПАО Башинформсвязь, ГК №1001 (621 АвтоУраган),АвтоУраган,194352M495,194352M495, 26 , 13 , 13 , 11 , 8 , 7 , 16 , 90 , 82 , 98 , 150 , 162 ,,,,,,,,,,,,, 676 
ПАО Башинформсвязь, ГК №1001 (621 АвтоУраган),АвтоУраган,194352M496,194352M496, 146 , 103 , 86 , 68 , 64 , 110 , 210 , 477 , 684 , 892 ,1 051 ,1 193 ,,,,,,,,,,,,,5 084 
ПАО Башинформсвязь, ГК №1001 (621 АвтоУраган),АвтоУраган,194352M497,194352M497, 24 , 24 , 19 , 11 , 15 , 18 , 18 , 38 , 103 , 156 , 193 , 222 ,,,,,,,,,,,,, 841 
ПАО Башинформсвязь, ГК №1001 (621 АвтоУраган),АвтоУраган,194352M498,194352M498, 34 , 30 , 12 , 11 , 10 , 14 , 44 , 57 , 150 , 253 , 383 , 389 ,,,,,,,,,,,,,1 387 
ПАО Башинформсвязь, ГК №1001 (621 АвтоУраган),АвтоУраган,194352M499,194352M499, 167 , 120 , 97 , 97 , 53 , 95 , 175 , 269 , 450 , 452 , 516 , 563 ,,,,,,,,,,,,,3 054 
ПАО Башинформсвязь, ГК №1001 (621 АвтоУраган),АвтоУраган,194352M500,194352M500, 18 , 10 , 11 , 5 , 7 , 37 , 61 , 146 , 140 , 160 , 188 , 194 ,,,,,,,,,,,,, 977 
ПАО Башинформсвязь, ГК №1001 (621 АвтоУраган),АвтоУраган,194352M501,194352M501, 88 , 59 , 47 , 42 , 35 , 49 , 19 , 124 , 200 , 231 , 272 , 231 ,,,,,,,,,,,,,1 397 
ПАО Башинформсвязь, ГК №1001 (621 АвтоУраган),АвтоУраган,194352M502,194352M502, 307 , 191 , 127 , 123 , 105 , 79 , 178 , 393 , 692 , 924 ,1 395 ,1 553 ,,,,,,,,,,,,,6 067 
ПАО Башинформсвязь, ГК №1001 (621 АвтоУраган),АвтоУраган,194352M503,194352M503, 130 , 66 , 57 , 30 , 28 , 45 , 87 , 199 , 291 , 313 , 482 , 555 ,,,,,,,,,,,,,2 283 
ПАО Башинформсвязь, ГК №1001 (621 АвтоУраган),АвтоУраган,194352M504,194352M504,,,,,,,, 3 , 132 , 219 , 269 , 218 ,,,,,,,,,,,,, 841 
ПАО Башинформсвязь, ГК №1001 (621 АвтоУраган),АвтоУраган,194352M505,194352M505, 25 , 19 , 15 , 13 , 20 , 10 , 37 , 54 , 100 , 116 , 145 , 144 ,,,,,,,,,,,,, 698 
ПАО Башинформсвязь, ГК №1001 (621 АвтоУраган),АвтоУраган,194352M506,194352M506, 27 , 17 , 9 , 12 , 13 , 9 , 16 , 45 , 53 , 80 , 69 , 149 ,,,,,,,,,,,,, 499 
ПАО Башинформсвязь, ГК №1001 (621 АвтоУраган),АвтоУраган,194352M507,194352M507, 1 , 3 , 5 , 1 , 3 , 10 , 20 , 78 , 118 , 154 , 203 , 196 ,,,,,,,,,,,,, 792 
ПАО Башинформсвязь, ГК №1001 (621 АвтоУраган),АвтоУраган,194352M508,194352M508, 154 , 84 , 97 , 79 , 106 , 119 , 219 , 482 , 672 , 678 , 793 , 797 ,,,,,,,,,,,,,4 280 
ПАО Башинформсвязь, ГК №1001 (621 АвтоУраган),АвтоУраган,194352M509,194352M509, 12 , 10 , 4 , 2 , 1 , 5 , 50 , 101 , 124 , 136 , 31 ,,,,,,,,,,,,,, 476 
ПАО Башинформсвязь, ГК №1001 (621 АвтоУраган),АвтоУраган,194352M510,194352M510, 67 , 61 , 28 , 22 , 24 , 23 , 72 , 263 , 326 , 348 , 467 , 438 ,,,,,,,,,,,,,2 139 
ПАО Башинформсвязь, ГК №1001 (621 АвтоУраган),АвтоУраган,194352M511,194352M511, 130 , 116 , 90 , 94 , 58 , 56 , 145 , 223 , 383 , 403 , 423 , 475 ,,,,,,,,,,,,,2 596 
ПАО Башинформсвязь, ГК №1001 (621 АвтоУраган),АвтоУраган,194352M512,194352M512, 14 , 19 , 9 , 6 , 9 , 6 , 18 , 44 , 122 , 163 , 164 , 155 ,,,,,,,,,,,,, 729 
ПАО Башинформсвязь, ГК №1001 (621 АвтоУраган),АвтоУраган,194352M513,194352M513, 39 , 23 , 15 , 8 , 7 , 15 , 42 , 193 , 151 , 151 , 158 , 167 ,,,,,,,,,,,,, 969 
ПАО Башинформсвязь, ГК №1001 (621 АвтоУраган),АвтоУраган,194352M514,194352M514, 14 , 19 , 19 , 6 , 11 , 11 , 25 , 52 , 76 , 99 , 128 , 128 ,,,,,,,,,,,,, 588 
ПАО Башинформсвязь, ГК №1001 (621 АвтоУраган),АвтоУраган,194352M515,194352M515, 24 , 14 , 9 , 10 , 13 , 8 , 32 , 103 , 128 , 145 , 176 ,,,,,,,,,,,,,, 662 
ПАО Башинформсвязь, ГК №1001 (621 АвтоУраган),АвтоУраган,194352M517,194352M517, 74 , 53 , 56 , 50 , 30 , 40 , 39 , 169 , 234 , 239 , 265 , 280 ,,,,,,,,,,,,,1 529 
ПАО Башинформсвязь, ГК №1001 (621 АвтоУраган),АвтоУраган,194352M518,194352M518, 124 , 104 , 92 , 88 , 79 , 76 , 55 , 138 , 265 , 265 , 339 , 321 ,,,,,,,,,,,,,1 946 
ПАО Башинформсвязь, ГК №1001 (621 АвтоУраган),АвтоУраган,194352M519,194352M519, 3 , 2 , 9 , 2 , 1 , 5 , 21 , 17 , 29 , 54 ,,,,,,,,,,,,,,, 143 
ПАО Башинформсвязь, ГК №1001 (621 АвтоУраган),АвтоУраган,194352M520,194352M520, 270 , 152 , 128 , 103 , 72 , 47 , 107 , 298 , 388 , 522 , 817 , 924 ,,,,,,,,,,,,,3 828 
ПАО Башинформсвязь, ГК №1001 (621 АвтоУраган),АвтоУраган,194352M521,194352M521, 99 , 56 , 29 , 43 , 36 , 32 , 41 , 167 , 236 , 291 , 310 , 401 ,,,,,,,,,,,,,1 741 
ПАО Башинформсвязь, ГК №1001 (621 АвтоУраган),АвтоУраган,194352M522,194352M522, 47 , 27 , 27 , 7 , 8 , 11 , 33 , 97 , 152 , 217 , 296 , 325 ,,,,,,,,,,,,,1 247 
ПАО Башинформсвязь, ГК №1001 (621 АвтоУраган),АвтоУраган,194352M523,194352M523, 216 , 138 , 93 , 83 , 49 , 30 , 48 , 182 , 239 , 292 , 412 , 456 ,,,,,,,,,,,,,2 238 
ПАО Башинформсвязь, ГК №1001 (621 АвтоУраган),АвтоУраган,194352M524,194352M524, 44 , 32 , 17 , 13 , 14 , 18 , 42 , 96 , 115 , 174 , 207 , 241 ,,,,,,,,,,,,,1 013 
ПАО Башинформсвязь, ГК №1001 (621 АвтоУраган),АвтоУраган,194352M525,194352M525, 25 , 12 , 13 , 3 , 4 , 12 , 22 , 77 , 115 , 151 , 196 , 173 ,,,,,,,,,,,,, 803 
ПАО Башинформсвязь, ГК №1001 (621 АвтоУраган),АвтоУраган,194352M526,194352M526, 108 , 68 , 36 , 46 , 28 , 42 , 77 , 104 , 384 , 452 , 579 , 674 ,,,,,,,,,,,,,2 598 
ПАО Башинформсвязь, ГК №1001 (621 АвтоУраган),АвтоУраган,194352M527,194352M527, 6 , 4 , 5 , 4 , 1 , 1 ,, 6 , 19 , 28 , 62 , 67 ,,,,,,,,,,,,, 203 
ПАО Башинформсвязь, ГК №1001 (621 АвтоУраган),АвтоУраган,194352M528,194352M528, 64 , 31 , 16 , 13 , 7 , 21 , 146 , 273 , 313 , 390 , 460 , 495 ,,,,,,,,,,,,,2 229 
ПАО Башинформсвязь, ГК №1001 (621 АвтоУраган),АвтоУраган,194352M529,194352M529, 10 , 11 , 13 , 5 , 4 , 11 , 41 , 70 , 87 , 104 , 104 , 113 ,,,,,,,,,,,,, 573 
ПАО Башинформсвязь, ГК №1001 (621 АвтоУраган),АвтоУраган,194352M530,194352M530, 28 , 12 , 13 , 5 , 5 , 12 , 25 , 73 , 93 , 122 , 170 , 179 ,,,,,,,,,,,,, 737 
ПАО Башинформсвязь, ГК №1001 (621 АвтоУраган),АвтоУраган,194352M531,194352M531, 23 , 9 , 13 , 7 , 8 , 18 , 56 , 147 , 136 , 145 , 141 , 155 ,,,,,,,,,,,,, 858 
ПАО Башинформсвязь, ГК №1001 (621 АвтоУраган),АвтоУраган,194352M533,194352M533, 155 , 110 , 87 , 57 , 40 , 110 , 427 , 726 , 525 , 557 , 669 , 870 ,,,,,,,,,,,,,4 333 
ПАО Башинформсвязь, ГК №1001 (621 АвтоУраган),АвтоУраган,194352M534,194352M534, 4 , 3 ,, 2 , 2 , 3 , 5 , 7 , 32 , 40 , 41 , 40 ,,,,,,,,,,,,, 179 
ПАО Башинформсвязь, ГК №1001 (621 АвтоУраган),АвтоУраган,194352M535,194352M535, 27 , 18 , 18 , 18 , 12 , 9 , 12 , 90 ,,,,,,,,,,,,,,,,, 204 
ПАО Башинформсвязь, ГК №1001 (621 АвтоУраган),АвтоУраган,194352M536,194352M536, 53 , 26 , 24 , 10 , 12 , 29 , 69 , 127 , 214 , 272 , 328 , 340 ,,,,,,,,,,,,,1 504 
ПАО Башинформсвязь, ГК №1001 (621 АвтоУраган),АвтоУраган,194352M538,194352M538, 7 , 10 , 7 , 1 , 12 , 32 , 67 , 151 , 197 , 327 , 384 , 426 ,,,,,,,,,,,,,1 621 
ПАО Башинформсвязь, ГК №1001 (621 АвтоУраган),АвтоУраган,194352M539,194352M539, 10 , 4 , 9 ,,,,,,,,,,,,,,,,,,,,,, 23 
ПАО Башинформсвязь, ГК №1001 (621 АвтоУраган),АвтоУраган,194352M540,194352M540, 162 , 129 , 61 , 59 , 30 , 42 , 107 , 240 , 372 , 553 , 748 , 819 ,,,,,,,,,,,,,3 322 
ПАО Башинформсвязь, ГК №1001 (621 АвтоУраган),АвтоУраган,194352M541,194352M541, 79 , 35 , 38 , 25 , 14 , 38 , 72 , 222 , 256 , 292 , 386 , 418 ,,,,,,,,,,,,,1 875 
ПАО Башинформсвязь, ГК №1001 (621 АвтоУраган),АвтоУраган,194352M542,194352M542, 29 , 17 , 10 , 18 , 12 , 16 , 33 , 78 , 120 , 143 , 143 , 201 ,,,,,,,,,,,,, 820 
ПАО Башинформсвязь, ГК №1001 (621 АвтоУраган),АвтоУраган,194352M543,194352M543, 3 , 6 , 1 , 1 , 3 ,, 13 , 16 , 36 , 36 , 36 , 61 ,,,,,,,,,,,,, 212 
ПАО Башинформсвязь, ГК №1001 (621 АвтоУраган),АвтоУраган,194352M544,194352M544, 79 , 39 , 31 , 27 , 18 , 22 , 45 , 115 , 214 , 267 , 300 , 377 ,,,,,,,,,,,,,1 534 
ПАО Башинформсвязь, ГК №1001 (621 АвтоУраган),АвтоУраган,194352M545,194352M545, 36 , 21 , 16 , 21 , 7 , 15 , 14 , 61 , 129 , 165 , 150 , 212 ,,,,,,,,,,,,, 847 
ПАО Башинформсвязь, ГК №1001 (621 АвтоУраган),АвтоУраган,194352M546,194352M546, 109 , 95 , 54 , 40 , 18 , 83 , 277 , 462 , 341 , 419 , 443 , 557 ,,,,,,,,,,,,,2 898 
ПАО Башинформсвязь, ГК №1001 (621 АвтоУраган),АвтоУраган,194352M547,194352M547, 36 , 20 , 4 , 6 , 1 , 12 , 52 , 96 , 121 , 119 , 163 , 160 ,,,,,,,,,,,,, 790 
ПАО Башинформсвязь, ГК №1001 (621 АвтоУраган),АвтоУраган,194352M548,194352M548, 86 , 72 , 40 , 44 , 26 , 54 , 105 , 227 , 294 , 431 , 499 ,,,,,,,,,,,,,,1 878 
ПАО Башинформсвязь, ГК №1001 (621 АвтоУраган),АвтоУраган,194352M549,194352M549, 8 , 5 , 1 , 4 , 3 , 4 , 7 , 25 , 71 , 76 , 102 , 107 ,,,,,,,,,,,,, 413 
ПАО Башинформсвязь, ГК №1001 (621 АвтоУраган),АвтоУраган,194352M550,194352M550, 69 , 44 , 29 , 19 , 18 , 23 , 58 , 181 , 236 , 318 , 407 , 396 ,,,,,,,,,,,,,1 798 
ПАО Башинформсвязь, ГК №1001 (621 АвтоУраган),АвтоУраган,194352M551,194352M551, 224 , 303 , 163 , 129 , 323 , 412 , 549 ,1 001 ,1 230 ,1 453 ,1 600 ,1 722 ,,,,,,,,,,,,,9 109 
ПАО Башинформсвязь, ГК №1001 (621 АвтоУраган),АвтоУраган,194352M552,194352M552, 58 , 24 , 27 , 17 , 13 , 23 , 50 , 80 , 178 , 254 , 336 , 503 ,,,,,,,,,,,,,1 563 
ПАО Башинформсвязь, ГК №1001 (621 АвтоУраган),АвтоУраган,194352M553,194352M553, 103 , 57 , 50 , 42 , 53 , 70 , 115 , 182 , 233 , 275 , 310 , 359 ,,,,,,,,,,,,,1 849 
ПАО Башинформсвязь, ГК №1001 (621 АвтоУраган),АвтоУраган,194352M554,194352M554, 76 , 69 , 45 , 34 , 30 , 81 , 226 , 387 , 434 , 556 , 528 , 520 ,,,,,,,,,,,,,2 986 
ПАО Башинформсвязь, ГК №1001 (621 АвтоУраган),АвтоУраган,194352M555,194352M555, 34 , 31 , 7 , 6 , 9 , 19 , 13 , 48 , 171 , 216 , 235 , 231 ,,,,,,,,,,,,,1 020 
ПАО Башинформсвязь, ГК №1001 (621 АвтоУраган),АвтоУраган,194352M556,194352M556, 132 , 93 , 81 , 82 , 57 , 31 , 44 , 208 , 348 , 321 , 355 , 390 ,,,,,,,,,,,,,2 142 
ПАО Башинформсвязь, ГК №1001 (621 АвтоУраган),АвтоУраган,194352M557,194352M557, 76 , 90 , 70 , 69 , 50 , 36 , 147 , 297 , 384 , 451 , 594 , 603 ,,,,,,,,,,,,,2 867 
ПАО Башинформсвязь, ГК №1001 (621 АвтоУраган),АвтоУраган,194352M558,194352M558, 47 , 27 , 25 , 24 , 14 , 24 , 43 , 70 , 257 , 299 , 355 , 418 ,,,,,,,,,,,,,1 603 
ПАО Башинформсвязь, ГК №1001 (621 АвтоУраган),АвтоУраган,194352M559,194352M559, 20 , 5 , 3 ,, 2 , 7 , 15 , 54 , 50 , 95 , 139 , 147 ,,,,,,,,,,,,, 537 
ПАО Башинформсвязь, ГК №1001 (621 АвтоУраган),АвтоУраган,194352M560,194352M560, 31 , 26 , 26 , 24 , 26 , 57 , 100 , 238 , 293 , 325 , 417 , 430 ,,,,,,,,,,,,,1 993 
ПАО Башинформсвязь, ГК №1001 (621 АвтоУраган),АвтоУраган,194352M561,194352M561, 1 ,, 1 ,, 10 , 17 , 79 , 68 , 134 , 134 , 186 , 226 ,,,,,,,,,,,,, 856 
ПАО Башинформсвязь, ГК №1001 (621 АвтоУраган),АвтоУраган,194352M562,194352M562, 99 , 76 , 43 , 22 , 18 , 22 , 57 , 142 , 164 , 285 , 332 , 366 ,,,,,,,,,,,,,1 626 
ПАО Башинформсвязь, ГК №1001 (621 АвтоУраган),АвтоУраган,194352M563,194352M563, 29 , 26 , 13 , 12 , 22 , 38 , 86 , 166 , 265 , 400 , 545 , 549 ,,,,,,,,,,,,,2 151 
ПАО Башинформсвязь, ГК №1001 (621 АвтоУраган),АвтоУраган,194352M564,194352M564, 2 , 2 ,,,,, 3 , 4 , 7 , 15 , 20 , 16 ,,,,,,,,,,,,, 69 
ПАО Башинформсвязь, ГК №1001 (621 АвтоУраган),АвтоУраган,194352M565,194352M565, 175 , 120 , 97 , 49 , 44 , 59 , 173 , 333 , 351 , 380 , 545 , 507 ,,,,,,,,,,,,,2 833 
ПАО Башинформсвязь, ГК №1001 (621 АвтоУраган),АвтоУраган,194352M566,194352M566, 113 , 72 , 52 , 44 , 36 , 62 , 142 , 282 , 334 , 398 , 465 , 503 ,,,,,,,,,,,,,2 503 
ПАО Башинформсвязь, ГК №1001 (621 АвтоУраган),АвтоУраган,194352M567,194352M567, 131 , 72 , 63 , 56 , 57 , 128 , 277 , 381 , 430 , 516 , 561 , 620 ,,,,,,,,,,,,,3 292 
ПАО Башинформсвязь, ГК №1001 (621 АвтоУраган),АвтоУраган,194352M568,194352M568, 387 , 290 , 196 , 125 , 117 , 138 , 322 , 699 ,1 160 ,1 782 ,2 348 ,2 234 ,,,,,,,,,,,,,9 798 
ПАО Башинформсвязь, ГК №1001 (621 АвтоУраган),АвтоУраган,194352M569,194352M569, 53 , 44 , 31 , 16 , 11 , 30 , 64 , 134 , 248 , 357 , 438 , 476 ,,,,,,,,,,,,,1 902 
ПАО Башинформсвязь, ГК №1001 (621 АвтоУраган),АвтоУраган,194352M570,194352M570, 66 , 45 , 25 , 20 , 36 , 47 , 117 , 317 , 480 , 659 , 911 ,1 004 ,,,,,,,,,,,,,3 727 
ПАО Башинформсвязь, ГК №1001 (621 АвтоУраган),АвтоУраган,194352M571,194352M571, 19 , 14 , 9 , 8 , 4 , 6 , 14 , 47 , 49 , 70 , 66 , 141 ,,,,,,,,,,,,, 447 
ПАО Башинформсвязь, ГК №1001 (621 АвтоУраган),АвтоУраган,194352M572,194352M572, 3 , 3 , 10 , 19 , 28 , 15 , 46 , 112 , 150 , 219 , 265 , 212 ,,,,,,,,,,,,,1 082 
ПАО Башинформсвязь, ГК №1001 (621 АвтоУраган),АвтоУраган,194352M573,194352M573, 142 , 87 , 58 , 58 , 43 , 131 , 368 , 554 , 701 , 795 , 975 ,1 108 ,,,,,,,,,,,,,5 020 
ПАО Башинформсвязь, ГК №1001 (621 АвтоУраган),АвтоУраган,194352M574,194352M574, 180 , 57 , 20 , 26 , 21 , 72 , 427 , 555 , 462 , 373 , 411 , 440 ,,,,,,,,,,,,,3 044 
ПАО Башинформсвязь, ГК №1001 (621 АвтоУраган),АвтоУраган,194352M575,194352M575, 169 , 113 , 100 , 89 , 52 , 120 , 295 , 596 , 604 , 536 , 615 , 687 ,,,,,,,,,,,,,3 976 
ПАО Башинформсвязь, ГК №1001 (621 АвтоУраган),АвтоУраган,194352M577,194352M577, 92 , 70 , 46 , 50 , 38 , 65 , 108 , 200 , 222 , 249 , 270 , 319 ,,,,,,,,,,,,,1 729 
ПАО Башинформсвязь, ГК №1001 (621 АвтоУраган),АвтоУраган,194352M578,194352M578, 105 , 71 , 67 , 66 , 44 , 94 , 168 , 322 , 383 , 392 , 489 , 586 ,,,,,,,,,,,,,2 787 
ПАО Башинформсвязь, ГК №1001 (621 АвтоУраган),АвтоУраган,194352M579,194352M579, 29 , 10 , 11 , 9 , 12 , 32 , 71 , 136 , 174 , 185 , 224 , 225 ,,,,,,,,,,,,,1 118 
ПАО Башинформсвязь, ГК №1001 (621 АвтоУраган),АвтоУраган,194352M580,194352M580, 52 , 43 , 24 , 16 , 27 , 37 , 86 , 243 , 282 , 244 , 285 , 401 ,,,,,,,,,,,,,1 740 
ПАО Башинформсвязь, ГК №1001 (621 АвтоУраган),АвтоУраган,194352M581,194352M581, 61 , 30 , 25 , 26 , 25 , 25 , 69 , 178 , 306 , 324 , 406 , 468 ,,,,,,,,,,,,,1 943 
ПАО Башинформсвязь, ГК №1001 (621 АвтоУраган),АвтоУраган,194352M582,194352M582, 96 , 72 , 54 , 48 , 36 , 61 , 129 , 188 , 238 , 264 , 301 , 297 ,,,,,,,,,,,,,1 784 
ПАО Башинформсвязь, ГК №1001 (621 АвтоУраган),АвтоУраган,194352M583,194352M583, 46 , 22 , 21 , 9 , 5 , 17 , 25 , 66 , 118 , 140 , 178 , 238 ,,,,,,,,,,,,, 885 
ПАО Башинформсвязь, ГК №1001 (621 АвтоУраган),АвтоУраган,194352M584,194352M584, 5 , 5 , 7 , 7 , 2 , 12 , 20 , 46 , 68 , 77 , 129 , 137 ,,,,,,,,,,,,, 515 
ПАО Башинформсвязь, ГК №1001 (621 АвтоУраган),АвтоУраган,194352M585,194352M585, 121 , 75 , 50 , 51 , 44 , 64 , 197 , 391 , 458 , 445 , 660 , 526 ,,,,,,,,,,,,,3 082 
ПАО Башинформсвязь, ГК №1001 (621 АвтоУраган),АвтоУраган,194352M586,194352M586, 127 , 93 , 78 , 56 , 44 , 35 , 55 , 126 , 239 , 355 , 537 , 680 ,,,,,,,,,,,,,2 425 
ПАО Башинформсвязь, ГК №1001 (621 АвтоУраган),АвтоУраган,194352M587,194352M587, 57 , 42 , 24 , 8 , 14 , 13 , 38 , 103 , 110 , 170 , 209 , 219 ,,,,,,,,,,,,,1 007 
ПАО Башинформсвязь, ГК №1001 (621 АвтоУраган),АвтоУраган,194352M588,194352M588, 8 , 4 , 3 , 3 , 5 , 6 , 20 , 37 , 50 , 52 , 92 , 80 ,,,,,,,,,,,,, 360 
ПАО Башинформсвязь, ГК №1001 (621 АвтоУраган),АвтоУраган,194352M589,194352M589, 104 , 96 , 77 , 70 , 32 , 98 , 186 , 398 , 518 , 602 , 670 , 750 ,,,,,,,,,,,,,3 601 
ПАО Башинформсвязь, ГК №1001 (621 АвтоУраган),АвтоУраган,194352M591,194352M591, 63 , 28 , 38 , 18 , 22 , 29 , 67 , 150 , 158 , 230 , 263 , 351 ,,,,,,,,,,,,,1 417 
ПАО Башинформсвязь, ГК №1001 (621 АвтоУраган),АвтоУраган,194352M593,194352M593, 21 , 16 , 7 , 5 , 9 , 14 , 24 , 46 , 101 , 104 , 147 , 153 ,,,,,,,,,,,,, 647 
ПАО Башинформсвязь, ГК №1001 (621 АвтоУраган),АвтоУраган,194352M594,194352M594, 52 , 48 , 31 , 18 , 24 , 40 , 86 , 137 , 189 , 213 , 253 , 293 ,,,,,,,,,,,,,1 384 
ПАО Башинформсвязь, ГК №1001 (621 АвтоУраган),АвтоУраган,194352M595,194352M595, 7 , 3 , 6 , 3 , 6 , 3 , 15 , 33 , 39 , 25 , 40 , 83 ,,,,,,,,,,,,, 263 
ПАО Башинформсвязь, ГК №1001 (621 АвтоУраган),АвтоУраган,194352M596,194352M596, 13 , 2 , 6 , 4 , 6 , 6 , 17 , 29 , 35 , 50 , 55 , 54 ,,,,,,,,,,,,, 277 
ПАО Башинформсвязь, ГК №1001 (621 АвтоУраган),АвтоУраган,194352M597,194352M597, 71 , 55 , 38 , 37 , 71 , 68 , 71 , 21 , 96 , 269 , 311 , 262 ,,,,,,,,,,,,,1 370 
ПАО Башинформсвязь, ГК №1001 (621 АвтоУраган),АвтоУраган,194352M598,194352M598, 35 , 33 , 17 , 13 , 6 , 10 , 14 , 84 , 161 , 208 , 254 , 313 ,,,,,,,,,,,,,1 148 
ПАО Башинформсвязь, ГК №1001 (621 АвтоУраган),АвтоУраган,194352M599,194352M599, 9 , 2 , 2 ,, 3 , 4 , 11 , 51 , 46 , 86 , 117 , 129 ,,,,,,,,,,,,, 460 
ПАО Башинформсвязь, ГК №1001 (621 АвтоУраган),АвтоУраган,194352M600,194352M600, 59 , 31 , 35 , 25 , 26 , 27 , 64 , 91 , 110 , 128 , 140 , 175 ,,,,,,,,,,,,, 911 
ПАО Башинформсвязь, ГК №1001 (621 АвтоУраган),АвтоУраган,194352M601,194352M601, 26 , 9 , 6 , 8 , 5 , 1 , 11 , 21 , 63 , 70 , 87 , 90 ,,,,,,,,,,,,, 397 
ПАО Башинформсвязь, ГК №1001 (621 АвтоУраган),АвтоУраган,194352M602,194352M602, 7 , 4 , 3 , 4 , 4 , 4 , 4 , 15 , 17 , 19 , 16 , 31 ,,,,,,,,,,,,, 128 
ПАО Башинформсвязь, ГК №1001 (621 АвтоУраган),АвтоУраган,194352M603,194352M603, 370 , 247 , 194 , 144 , 106 , 108 , 219 , 429 , 670 , 870 ,1 455 ,1 193 ,,,,,,,,,,,,,6 005 
ПАО Башинформсвязь, ГК №1001 (621 АвтоУраган),АвтоУраган,194352M604,194352M604, 175 , 95 , 66 , 64 , 51 , 88 , 157 , 256 , 310 , 457 , 523 , 592 ,,,,,,,,,,,,,2 834 
ПАО Башинформсвязь, ГК №1001 (621 АвтоУраган),АвтоУраган,194352M605,194352M605, 6 , 5 , 3 , 5 , 13 , 10 , 19 , 34 , 56 , 74 , 86 , 88 ,,,,,,,,,,,,, 399 
ПАО Башинформсвязь, ГК №1001 (621 АвтоУраган),АвтоУраган,194352M606,194352M606, 171 , 137 , 96 , 65 , 47 , 84 , 241 , 485 , 606 , 696 , 836 ,,,,,,,,,,,,,,3 464 
ПАО Башинформсвязь, ГК №1001 (621 АвтоУраган),АвтоУраган,194352M607,194352M607, 24 , 10 , 4 , 11 , 10 , 7 , 27 , 43 , 78 , 87 , 105 , 103 ,,,,,,,,,,,,, 509 
ПАО Башинформсвязь, ГК №1001 (621 АвтоУраган),АвтоУраган,194352M608,194352M608, 31 , 25 , 8 , 2 , 5 , 6 , 17 , 33 , 160 , 271 , 359 , 368 ,,,,,,,,,,,,,1 285 
ПАО Башинформсвязь, ГК №1001 (621 АвтоУраган),АвтоУраган,194352M609,194352M609, 41 , 22 , 25 , 22 , 17 , 8 , 15 , 87 , 127 , 151 , 178 , 205 ,,,,,,,,,,,,, 898 
ПАО Башинформсвязь, ГК №1001 (621 АвтоУраган),АвтоУраган,194352M621,194352M621, 67 , 50 , 36 , 23 , 26 , 37 , 72 , 158 , 260 , 338 , 439 , 471 ,,,,,,,,,,,,,1 977 
ПАО Башинформсвязь, ГК №1001 (621 АвтоУраган),АвтоУраган,194352M622,194352M622, 13 , 1 , 4 , 5 ,, 4 , 11 , 16 , 42 , 43 , 69 , 55 ,,,,,,,,,,,,, 263 
ПАО Башинформсвязь, ГК №1001 (621 АвтоУраган),АвтоУраган,194352M623,194352M623, 19 , 15 , 18 , 9 , 11 , 19 , 33 , 70 , 104 , 163 , 232 , 299 ,,,,,,,,,,,,, 992 
ПАО Башинформсвязь, ГК №1001 (621 АвтоУраган),АвтоУраган,194352M624,194352M624, 41 , 31 , 22 , 15 , 24 , 25 , 46 , 109 , 171 , 241 , 323 , 386 ,,,,,,,,,,,,,1 434 
ПАО Башинформсвязь, ГК №1001 (621 АвтоУраган),АвтоУраган,194352M625,194352M625, 38 , 24 , 20 , 20 , 8 , 12 , 46 , 108 , 149 , 223 , 303 , 320 ,,,,,,,,,,,,,1 271 
ПАО Башинформсвязь, ГК №1001 (621 АвтоУраган),АвтоУраган,194352M626,194352M626, 56 , 25 , 21 , 15 , 5 , 21 , 26 , 81 , 119 , 155 , 201 , 246 ,,,,,,,,,,,,, 971 
ПАО Башинформсвязь, ГК №1001 (621 АвтоУраган),АвтоУраган,194352M632,194352M632, 5 , 2 , 1 , 1 , 1 ,, 3 , 12 , 25 , 38 , 32 , 52 ,,,,,,,,,,,,, 172 
ПАО Башинформсвязь, ГК №1001 (621 АвтоУраган),АвтоУраган,194352M634,194352M634, 14 , 11 , 7 , 2 , 3 , 7 , 10 , 30 , 54 , 78 , 105 , 109 ,,,,,,,,,,,,, 430 
ПАО Башинформсвязь, ГК №1001 (621 АвтоУраган),АвтоУраган,194352M642,194352M642, 74 , 46 , 25 , 11 , 10 , 26 , 41 , 108 , 210 , 231 , 357 , 405 ,,,,,,,,,,,,,1 544 
ПАО Башинформсвязь, ГК №1001 (621 АвтоУраган),АвтоУраган,194352M644,194352M644, 51 , 29 , 30 , 29 , 26 , 26 , 51 , 203 , 306 , 376 , 558 , 584 ,,,,,,,,,,,,,2 269 
ПАО Башинформсвязь, ГК №1001 (621 АвтоУраган),АвтоУраган,194352M645,194352M645, 37 , 19 , 15 , 10 , 9 , 31 , 52 , 59 , 122 , 163 , 213 , 294 ,,,,,,,,,,,,,1 024 
ПАО Башинформсвязь, ГК №1001 (621 АвтоУраган),АвтоУраган,194352M646,194352M646, 85 , 53 , 40 , 26 , 40 , 50 , 119 , 291 , 398 , 472 , 633 , 682 ,,,,,,,,,,,,,2 889 
ПАО Башинформсвязь, ГК №1001 (621 АвтоУраган),АвтоУраган,194352M647,194352M647, 22 , 11 , 12 , 4 , 2 , 8 , 54 , 101 , 92 , 92 , 108 , 130 ,,,,,,,,,,,,, 636 
ПАО Башинформсвязь, ГК №1001 (621 АвтоУраган),АвтоУраган,194352M648,194352M648, 53 , 49 , 26 , 15 , 12 , 37 , 60 , 217 , 257 , 328 , 442 , 422 ,,,,,,,,,,,,,1 918 
ПАО Башинформсвязь, ГК №1001 (621 АвтоУраган),АвтоУраган,194352M649,194352M649, 36 , 23 , 16 , 12 , 9 , 34 , 84 , 104 , 188 , 213 , 274 , 400 ,,,,,,,,,,,,,1 393 
ПАО Башинформсвязь, ГК №1001 (621 АвтоУраган),АвтоУраган,194352M650,194352M650, 70 , 51 , 29 , 26 , 27 , 48 , 95 , 154 , 266 ,,,,,,,,,,,,,,,, 766 
ПАО Башинформсвязь, ГК №1001 (621 АвтоУраган),АвтоУраган,204352M001,204352M001, 199 , 146 , 97 , 83 , 75 , 103 , 204 , 302 , 434 , 497 , 563 , 553 ,,,,,,,,,,,,,3 256 
ПАО Башинформсвязь, ГК №1001 (621 АвтоУраган),АвтоУраган,204352M002,204352M002, 159 , 127 , 90 , 78 , 60 , 108 , 317 , 570 , 807 ,1 011 ,1 294 ,1 463 ,,,,,,,,,,,,,6 084 
ПАО Башинформсвязь, ГК №1001 (621 АвтоУраган),АвтоУраган,204352M003,204352M003, 191 , 145 , 96 , 104 , 75 , 142 , 250 , 438 , 570 , 803 , 875 ,1 080 ,,,,,,,,,,,,,4 769 
ПАО Башинформсвязь, ГК №1001 (621 АвтоУраган),АвтоУраган,204352M004,204352M004, 365 , 307 , 218 , 132 , 94 , 157 , 244 , 491 , 621 , 834 ,1 021 ,1 023 ,,,,,,,,,,,,,5 507 
ПАО Башинформсвязь, ГК №1001 (621 АвтоУраган),АвтоУраган,204352M005,204352M005, 142 , 100 , 55 , 69 , 54 , 56 , 148 , 266 , 402 , 489 , 552 , 580 ,,,,,,,,,,,,,2 913 
ПАО Башинформсвязь, ГК №1001 (621 АвтоУраган),АвтоУраган,204352M006,204352M006, 248 , 197 , 147 , 112 , 90 , 106 , 148 , 333 , 475 , 550 , 690 , 720 ,,,,,,,,,,,,,3 816 
ПАО Башинформсвязь, ГК №1001 (621 АвтоУраган),АвтоУраган,204352M007,204352M007, 421 , 294 , 220 , 213 , 164 , 176 , 221 , 410 , 688 , 779 , 941 ,1 098 ,,,,,,,,,,,,,5 625 
ПАО Башинформсвязь, ГК №1001 (621 АвтоУраган),АвтоУраган,204352M008,204352M008, 166 , 114 , 63 , 54 , 45 , 56 , 137 , 359 , 603 , 686 , 723 , 868 ,,,,,,,,,,,,,3 874 
ПАО Башинформсвязь, ГК №1001 (621 АвтоУраган),АвтоУраган,204352M009,204352M009, 153 , 119 , 73 , 71 , 59 , 104 , 260 , 538 , 721 , 864 , 930 ,1 010 ,,,,,,,,,,,,,4 902 
ПАО Башинформсвязь, ГК №1001 (621 АвтоУраган),АвтоУраган,204352M010,204352M010,,,, 5 , 55 , 116 , 253 , 421 , 579 , 749 , 812 , 838 ,,,,,,,,,,,,,3 828 
ПАО Башинформсвязь, ГК №1001 (621 АвтоУраган),АвтоУраган,204352M011,204352M011, 204 , 175 , 122 , 141 , 92 , 174 , 289 , 702 , 917 ,1 039 ,1 056 ,1 191 ,,,,,,,,,,,,,6 102 
ПАО Башинформсвязь, ГК №1001 (621 АвтоУраган),АвтоУраган,204352M012,204352M012, 173 , 118 , 64 , 54 , 64 , 49 , 43 , 42 , 27 , 18 , 11 , 6 ,,,,,,,,,,,,, 669 
Итого,,,,,46 109 ,33 210 ,24 209 ,19 996 ,17 296 ,24 879 ,46 577 ,98 700 ,139 407 ,176 298 ,213 738 ,233 265 ,,,,,,,,,,,,,1073 684 
